X X$For the goddess DN ,
ninanir$her mistress ,
daramuriam$Tarām-Uram ,
dumumunus apilkin$daughter of Apil-kīn
lugal marika$the king of Mari ,
egia$bride
urnamma$of Ur-Namma ,
lugal urima$king of Ur ,
cusuen$Šū-Suen ,
lugal kalga$strong king ,
lugal urima$king of Ur ,
lugal an ubda limmubake$king of the four corners
cusuenanasuentakil$to Šu-Sin-ana-Sin-takil ,
ARADdanir$his servant ,
inaba$he gifted .
pisanduba$Basket-of-tablets
diriba gu apina$xxx
mu huhunuri bahul$xxx
mu en eridu bahun$xxx
u$xxx
mu en nanna karzida bahun$xxx
mu NUMBam$xxx
NUMB ab$NUMB cows ,
NUMB u$NUMB ewes ,
NUMB udu$NUMB sheep ,
NUMB ud$NUMB female goats ,
NUMB macda$NUMB gazelles ,
silata ede$from the “ street ” to be sent out ;
kicib lu didline$under seal of various men ,
urnigar$Ur-nigar
cu bati$received ;
iti ezemninazu$month : “ Festival of Ninazu , ”
mu en nanna mace ipa$year : “ The en-priestess of Nanna by means of extispicy was chosen . ”
pisanduba$Basket-of-tablets
dub gida$long-tablets of
urmes dumu urnig$Ur-mes , son of Ur-nig ,
ca nigin$in Nigin ,
igal$are here ;
mu harci bahul$year : “ Harši was destroyed ”
NUMB ug luickur$NUMB  porter : Lu-Iškur ,
NUMB cecani$NUMB : Šešani ,
NUMB namzi$NUMB : namzi ,
NUMB guzzani$NUMB : Guzzani ,
anzagar urdumuzida$at the tower of Ur-Dumuzida
NUMB lugalkuzu$NUMB : Lugal-kuzu ,
NUMB ceckala dumu KAdu$NUMB : Šeškalla , son of KAdu .
dumugimec$they are dumugi .
NUMB guruc$NUMB workmen ,
ugula adumu$foreman : Adumu .
NUMB X$NUMB : x-ki ,
anzagar kucara$at the tower of Ku-Šara .
NUMB lurcara$NUMB : Lu-Ur-Šara ,
NUMB cecani$NUMB : Šešani ,
ugILmec$they are porters .
NUMB inimanizi$NUMB : Inimanizi ,
NUMB namah$NUMB : Nammah ,
NUMB alu$NUMB : Alu ,
NUMB bazaza$NUMB : Bazaza ,
dumugimec$they are dumugi .
NUMB guruc$NUMB workmen ,
ugula luenlila$foreman : Lu-Enlila .
cunigin NUMB guruc$Together : NUMB workmen ,
iti cunumunata u NUMBam barazalata$from month “ Sowing , ” from day NUMB passed ,
gizi SIGeda guba$stationed for harvesting fodder-reed ,
mu en inanna mace ipa$year : “ The priest of Inanna by the goat was found . ”
NUMB guruc  u NUMBce kar ummata$NUMB male laborer for NUMB workdays , from Umma-harbor
irisarigce ma gida$to Irisagrig barge punted ,
u NUMBce ce bala u ce ma siga$for NUMB workday barley transferred and barley in the barge loaded ,
irisarigta$from Irisagrig
u NUMBce kunzida kiri gectince ma gida$two workdays to reservoir of Vineyard barge punted ,
u NUMBce eduru uriruaka ce bala$for NUMB workday at Uriru-village barley transferred ,
u NUMBce eduru cec duata kunzida i amarsuenitumce$for NUMB workdays from Uriru-village to reservoir of Amar-Suenītum canal
ce gaga$barley carried ,
kunzida i amarsuenitumta$from reservoir of Amar-Suenītum canal
u NUMBce irisarigce$for NUMB workdays to Irisagrig
ma gida u bala ak$barge punted and transfer done ;
u NUMBce irisarigta$for NUMB workdays from Irisagrig
ka damimamace ma gida$to mouth of Damimama barge punted ,
u NUMBce ummace ma diriga$for NUMB workdays to Umma barge floated ,
u NUMBce ma bala$for NUMB workday barge unloaded ;
u NUMBce ce bala$for NUMB workday barley transferred ;
ugula lugalemahe$foreman : Lugal-Emaḫe ,
kicib adumu$under seal of Adumu ;
mu ma enki babdu$year : “ The boat of Enki was caulked . ”
ursuen$Ur-Suen ,
dubsar$scribe ,
dumu urgigir$son of Ur-gigir ,
catam$official .
ibisuen$Ibbi-Suen ,
lugal kalga$strong king ,
lugal urima$king of Ur ,
lugal an ubda limmuba$king of the four corners
gududu$Gududu ,
dubsar$scribe ,
dumu dadaga$son of Dadaga
ensi$governor
umma$of Umma ,
ARADzu$is your servant .
NUMB zi sig lugal$NUMB ban2 , groats , royal ,
NUMB sa gi ninda gura$NUMB bundles reed , fatbreads ,
NUMB sa manu$NUMB bundles poplar ,
NUMB burzi NENEsice$NUMB … ,
NUMB dabin$NUMB ban2 flour ,
NUMB sila eca dubdubde$NUMB sila3 eša … ,
NUMB kac dida du$NUMB barig beer , dida , regular ,
NUMB kac du$NUMB ban2 beer , regular ,
giranumce$for the wailing ceremony ;
urlisi mackim$Ur-Lisa , enforcer ;
NUMB zi sig$NUMB ban2 groats ,
NUMB sa gi ninda gura$NUMB bundles reed , fatbreads ,
NUMB sa manu$NUMB bundles poplar ,
NUMB burzi NENEsice$NUMB … ,
NUMB dabin$NUMB barig flour ,
NUMB sila eca dubdubde$NUMB sila3 eša … ,
NUMB kac dida du$NUMB barig beer , dida , regular ,
siskur kiri inanna$offering of the garden of Inanna ;
culgizimu mackim$Šulgi-zimu , enforcer ;
NUMB zi sig$NUMB ban2 groats ,
NUMB sa gi ninda gura$NUMB bundles reed , fatbreads ,
NUMB sa manu$NUMB bundles poplar ,
NUMB burzi NENEsice$NUMB … ,
NUMB dabin$NUMB barig flour ,
NUMB sila eca dubdubde$NUMB sila3 eša … ,
NUMB kac dida du$NUMB barig beer , dida , regular ,
siskur ca egal$offering in the palace ;
ereb mackim$Erreb , enforcer ;
NUMB zi sig$NUMB ban2 groats ,
NUMB sa gi ninda gura$NUMB bundles reed , fatbreads ,
NUMB dabin$NUMB barig flour ,
NUMB sila eca dubdubde$NUMB sila3 eša … ,
NUMB kac dida du$NUMB barig beer , dida , regular ,
NUMB kac du$NUMB ban2 beer , regular ,
giranumce$for the wailing ceremony ;
NUMB sila zi sig$NUMB ban2 NUMB sila3 groats ,
NUMB sila zulum$NUMB sila3 dates ,
NUMB gin igec$NUMB shekels , plant oil ,
NUMB sa gi gugce$NUMB bundles reed , for cakes ,
NUMB sa manu$NUMB bundles poplar ,
NUMB burzi NENEsice$NUMB … ,
NUMB dabin$NUMB barig flour ,
NUMB sila eca dubdubde$NUMB sila3 eša … ,
NUMB kac dida du$NUMB barig beer , regular ,
NUMB sila ce sa gugalgal$NUMB sila3 barley , … chickpeas ,
NUMB sila ce sa guturtur$NUMB sila3 barley ,  … lentils ,
NUMB sila ce sa gig$NUMB sila3 barley … ,
NUMB sila ce sa imgaga$NUMB sila3 barley … ,
NUMB sila ce sa ce inuha$NUMB sila3 barley … straw ,
NUMB sila gugalgal mua$NUMB sila3 , chickpeas , grown ,
NUMB sila guturtur mua$NUMB sila3 lentils , grown ,
NUMB sila gig mua$NUMB sila3 wheat , grown ,
NUMB sila imgaga mua$NUMB sila3 … grown ,
NUMB sila ce inuha mua$NUMB sila3 barley , straw , grown ,
NUMB sila gugalgal X X$NUMB sila3 chickpeas , … ,
NUMB sila guturtur X X$NUMB sila3 lentils , … ,
NUMB sila cegeci X$NUMB sila3 sesame oil , … ,
NUMB sila cegeci X$NUMB sila3 sesame oil , … ,
NUMB sila cegeci X$NUMB sila3 sesame oil , … ,
ma anace ca X$for the boat of An , in … ,
ziga$booked out ;
iti ezemana$month : “ Festival of An , ”
mu kimac bahul$year : “ Kimaš was destroyed . ”
NUMB gu$NUMB oxen ,
NUMB udu$NUMB sheep ,
NUMB macgal$NUMB billy goat , full grown ,
u NUMBkam$ordNUMB day ,
ki abasagata$from Abbasaga
zubaga$Zubaga
idab$accepted ;
iti sesdagu$month : “ Piglet-feast , ”
mu en nanna karzida bahun$year : “ The priest of Nanna of Karzida was installed ; ”
NUMB$NUMB .
nanna$To Nanna ,
dumu sag$the first-born son
enlila$of Enlil ,
X X$…
lugal urimake$the king of Ur ,
ekicnugalce$for the Ekišnugal temple
a munaru$he dedicated  to him .
cusuen$Šū-Suen ,
nita kalga$strong man ,
lugal urima$king of Ur ,
lugal an ubda limmuba$king of heaven with its four corners
urdublamah$Ur-dublamaḫ ,
agaus lugal$great-soldier ,
dumu X$son of ARAD-… ,
ARADzu$is your servant .
NUMB gin NUMB ce kubabbar$NUMB shekels , NUMB grains of silver ,
situm$the remaining ;
NUMB ku sagkur$NUMB , NUMB “ headed ” fish ,
kubi NUMB gin igiNUMBgal NUMB ce$their silver : NUMB shekels , NUMB grains ;
NUMB ku cabar$NUMB gutted fish , their silver : NUMB shekels
kubi NUMB gin$their silver : NUMB shekels
NUMB gu siki$NUMB talents of wool ,
kubi NUMB mana$its silver : NUMB mana ;
ca kiciba$under seal .
NUMB ku girus$NUMB , NUMB slit fish ,
kubi NUMB gin igiNUMBgal NUMB ce$their silver : NUMB shekels , NUMB grains ;
NUMB ku sagkur$NUMB , NUMB “ headed ” fish ,
kubi NUMB gin NUMB ce$their silver : NUMB shekels , NUMB grains ;
NUMB iku$NUMB barig fish oil ,
kubi NUMB gin$its silver : NUMB shekels ;
NUMB zulum gur$NUMB gur of dates ,
kubi NUMB mana NUMB gin$their silver : NUMB mana , NUMB shekels ;
mu enmahgalana bahun$year : “ Enmaḫgalana was installed ” AS NUMB .
NUMB zulum gur$NUMB gur of dates ,
kubi NUMB mana NUMB gin$their silver : NUMB mana , NUMB shekels ;
mu enunugal inanna bahun$year : “ En-unugal-Inanna was installed ” AS NUMB .
NUMB ummu$NUMB water skins ,
kubi NUMB gin NUMB ce$their silver : NUMB shekel , NUMB grains ;
NUMB esir X$NUMB pairs ? of leather sandals
kubi NUMB gin X$their silver : NUMB shekel …
NUMB X$NUMB …
kubi n$their silver : …
NUMB ce gur kubi NUMB mana$NUMB gur of barley ,
kubi NUMB mana$its silver : NUMB mana ;
ce icahka$barley of the lard .
cunigin NUMB mana NUMB gin NUMB ce kubabbar$Together : NUMB mana , NUMB shekels , NUMB grains of silver
sagnigurakam$are the debit ;
cabita$therefrom
NUMB mana la NUMB gin NUMB ce kubabbar$NUMB mana less NUMB shekel , NUMB grains of silver ,
NUMB mana uruda$NUMB mana of copper ,
kubi NUMB mana NUMB gin$their silver : NUMB mana , NUMB shekels ,
kicib lukala$under the seal of Lukalla ;
NUMB sila icah gur$NUMB gur , NUMB barig , NUMB ban2 , NUMB sila3 of lard ,
kubi NUMB mana NUMB gin la NUMB ce$its silver : NUMB mana , NUMB shekels less NUMB grains ,
kicib urculpae$under the seal of Ur-Šulpae ;
NUMB sila gectin had sadu lugal$NUMB sila3 of raisins , royal supplement ,
NUMB sila gectin had giri lugalcala$NUMB sila3 of raisins via Lugal-šala ,
kubi igiNUMBgal$their silver : NUMB shekel ;
NUMB kabkul$NUMB wooden k-containers ,
kubi NUMB gin$their silver : NUMB shekels ;
kicib agu$under the seal of Agu ;
NUMB gin ku uruda urima$NUMB shekels of silver for Ur copper ,
giri urlamma u elubizu$via Ur-Lamma and Elubizu .
cunigin NUMB mana igiNUMBgal NUMB ce kubabbar$Together : NUMB mana , NUMB shekel , NUMB grains of silver
zigam$booked out ;
laia NUMB mana NUMB gin igiNUMBgal NUMB ce kubabbar$debit : NUMB mana , NUMB shekel , NUMB grains of silver ;
nigkak ceckala damgar$account of Šeškala , the trade agent ;
mu enunugal inanna bahun$year : “ En-unugal-Inanna was installed . ”
ninkununa$To Ninkununa
ninanir$his mistress ,
namti$for the life
X$of …
NUMB icah$NUMB ban2 of lard ,
u amarduta baradua$when from … they were released ,
geme babde$the female workers brought ;
ki luginata$from Lugina
bazi$booked out ;
mu harci bahul$year : “ Ḫarši was destroyed . ”
NUMB sila kac NUMB sila ninda NUMB gin cum $NUMB sila3 beer , NUMB sila3 bread , NUMB shekels onions ,
NUMB gin i NUMB gin naga $NUMB shekels oil , NUMB shekels alkali-plant ,
X $for …
NUMB sila kac NUMB sila ninda NUMB gin  $NUMB sila3 beer , NUMB sila3 bread , NUMB shekels onions ,
NUMB gin i NUMB gin naga $NUMB shekels oil , NUMB shekels alkali-plant ,
luenki $for Lu-Enki ;
NUMB sila kac NUMB sila ninda NUMB gin  $NUMB sila3 beer , NUMB sila3 bread , NUMB shekels onions ,
NUMB gin i NUMB gin naga $NUMB shekels oils , NUMB shekels alkali-plant ,
ursaga $for Ur-saga ;
NUMB sila kac NUMB sila ninda NUMB gin cum $NUMB sila3 beer , NUMB sila3 bread , NUMB shekels onions ,
NUMB gin i NUMB gin naga $NUMB shekels oil , NUMB shekels alkali-plant ,
laqip $for Laqīp ;
NUMB sila kac NUMB sila ninda NUMB gin  $NUMB sila3 beer , NUMB sila3 bread , NUMB shekels onions ,
NUMB gin i NUMB gin naga $NUMB shekels oil , NUMB shekels alkali-plant ,
urdari $for Ur-dari ;
NUMB sila kac NUMB sila ninda NUMB gin  $NUMB sila3 beer , NUMB sila3 bread , NUMB shekels onions ,
NUMB gin i NUMB gin naga $NUMB shekels oil , NUMB shekels alkali-plant ,
aliah $for Ali’aḫ ;
NUMB sila kac NUMB sila ninda NUMB gin  $NUMB sila3 beer , NUMB sila3 bread , NUMB shekels onions ,
NUMB gin i NUMB gin naga $NUMB shekels oil , NUMB shekels alkali-plant ,
duili $for Du-ilī ;
cunigin NUMB la NUMB sila kac NUMB sila ninda $total : NUMB ban2 less NUMB sila3 beer ; NUMB ban2 NUMB sila3 bread ;
NUMB sila NUMB gin cum $NUMB sila3 NUMB shekels onions ;
NUMB sila NUMB gin i $NUMB sila3 NUMB shekel oil ;
NUMB gin naga $NUMB shekels alkali plant ;
X $…
u NUMB la NUMBkam $ordNUMB day ,
iti minec $month : “ mineš . ”
NUMB udu abul bara utu$NUMB sheep , city gate , dais of Utu ;
NUMB udu abul baba$NUMB sheep , city gate of Baba ;
NUMB udu abul egal$NUMB sheep , city gate , palace ;
NUMB udu abul nance$NUMB sheep , city gate of Nanše ;
NUMB udu eunuce$NUMB sheep , House-of-Uruk ;
NUMB udu ga magura ningeczida$NUMB sheep , cabin of the barge of Ningešzida ;
NUMB udu gudea$NUMB sheep , Gudea ;
NUMB udu urlamma ensi$NUMB sheep , Ur-Lamma , the governor ;
siskur ga guce$offering for milk-feeding ;
giri akala luinima$via Akalla , man of testimony ;
ziga ki lugalnamah$booked out of the place of Lugal-nammaḫ ;
iti ezemdumuzi u NUMBkam$month : “ Festival of Dumuzi , ” day NUMB ,
mu magurmah badim$year : “ Great-barge was fashioned . ”
X X X hia $Assorted …
namrac $into booty
hadak $I made .
NEC lugal $… the king
X $of … ,
caga $into captivity
henidab $I took ,
cumu barabatae $and I did not let him escape my hand .
lu  hul $A person who the order of a wicked thing
ibciagea $shall issue against it ,
NUMB kikken adabar saga$NUMB millstone of high-quality black basalt
lugalitida$Lugal-itida
NUMB kikken adabar$NUMB millstone of black basalt
akala acgab$Akalla , the leatherworker ;
NUMB kikken ucmu X$NUMB millstone  Ušmu ,
NUMB kikken akadani$NUMB millstone  Akadani ,
NUMB kikken carazame$NUMB millstone  Šara-zame ,
ki aduta$from Adu ,
kicib urnumucda$the sealed tablet of Ur-Numushda .
mu usa cusuen lugale bad martu mudu$Year after : “ The king Šu-Suen erected the Amorite wall . ”
pisanduba$Basket-of-tablets
nigkak$xxx
e egir$xxx
X$xxx
X$xxx
X$xxx
X$xxx
X cu X X$xxx
urnigar X$xxx
igal$xxx
mu amarsuen lugal urbilum muhul$xxx
pisanduba$Basket-of-tablets
ab ud daba$xxx
girsuta$xxx
guabace$xxx
igal$xxx
mu cacrum$xxx
NUMB amar macdamunus$NUMB young female gazelle
dada ensi$Dada , governor ;
NUMB sila umu$NUMB lamb  U’umu ;
NUMB sila ceckala$NUMB lamb  Šeshkalla ;
u NUMB la NUMBkam$on the ordNUMB day ,
muku$delivery ,
intaea$Intaea
idab$has accepted ,
giri nursuen dubsar$via Nur-Suen , scribe ;
iti cesagku$month “ Harvest , ”
mu cusuen lugal$year : “ Šu-Suen became king . ”
NUMB udu u$NUMB grass sheep ? ,
ki culgilita$from Šulgi-ili
urkununa$did Ur-kununa
idab$accept .
iti ezemah$Month “ big festival , ”
mu e cara umma badu$year : “ the house of Šara in Umma was erected . ”
duga dubsar$Duga , scribe ,
dumu luningirsu$son of Lu-Ningirsu ,
sipa nagabtum$herdsman of the Nakabtum .
cusuen$Šū-Suen ,
lugal kalga$strong king ,
lugal urima$king of Ur ,
lugal an ubda limmuba$king of the four corners
luculgi$Lu-Šulgi ,
dubsar$scribe ,
dumu dada$son of Dada ,
ARADzu$is your servant .
NUMB gin kubabbar$NUMB shekel of silver
ki cunisabata$from Šu-Nisaba
ludingira$Lu-dingira
cu bati$received ;
mu ludingirake$Since Lu-dingira
kicib nutukuace$did not have a seal ,
kicib duganizi ibra$the seal of Duganizi was rolled ;
iti ezemana$month : “ Festival of An , ”
mu e cara badu$year : “ The house of Šara was erected , ”
duganizi$Duganizi ,
dumu urcakkan cuc$son of Ur-Šakkan , cattle manager .
NUMB gin inun gur$NUMB gur NUMB barig NUMB ban2 NUMB shekels butter oil ,
NUMB sila NUMB gin gaUD@g gur$NUMB gur NUMB ban2 NUMB sila3 NUMB shekels kašk cheese ,
situm mu amarsuen lugale urbilum muhul$debits of the year : “ Amar-Suen , the king , destroyed Urbilum ; ”
NUMB sila inun gur$NUMB gur NUMB barig NUMB ban2 NUMB sila3 butter oil ,
NUMB sila gaUD@g gur$NUMB gur NUMB ban2 NUMB sila3 kašk cheese ,
ki luzabalata$from Lu-Zabala ;
NUMB inun$NUMB barig butter oil ,
NUMB gaUD@g$NUMB barig kašk cheese ,
ki urmamita$from Ur-Mami ;
NUMB sila inun gur$NUMB gur NUMB sila3 butter oil ,
NUMB sila gaUD@g gur$NUMB gur NUMB barig NUMB ban2 NUMB sila3 kašk cheese ,
ki urnigarta$from Ur-nigar ;
NUMB inun$NUMB ban2 butter oil ,
NUMB sila gaUD@g$NUMB barig NUMB ban2 NUMB sila3 kašk cheese ,
ki dugeta$from Duge ;
NUMB inun$NUMB ban2 butter oil ,
NUMB gaUD@g$NUMB barig kašk cheese ,
ki caramuta$from Šara-amu ;
NUMB inun$NUMB ban2 butter oil ,
NUMB gaUD@g$NUMB barig kašk cheese ,
ki lugalcunireta$from Lugal-šunire ,
NUMB sila inun$NUMB barig NUMB ban2 NUMB sila3 butter oil ,
NUMB sila gaUD@g gur$NUMB gur NUMB sila3 kašk cheese ,
ki ceckalata$from Šeškala ;
NUMB sila inun$NUMB barig NUMB sila3 butter oil ,
NUMB sila gaUD@g$NUMB barig NUMB ban2 NUMB sila3 kašk cheese ,
ki ursudata$from Ur-Suda ;
NUMB inun$NUMB barig NUMB ban2 butter oil ,
NUMB sila gaUD@g$NUMB barig NUMB ban2 NUMB sila3 kašk cheese ,
ki guzanata$from Guzana ;
NUMB inun$NUMB ban2 butter oil ,
NUMB sila gaUD@g$NUMB barig NUMB ban2 NUMB sila3 kašk cheese ,
ki buduta$from Budu ;
NUMB sila inun$NUMB barig NUMB ban2 NUMB sila3 butter oil ,
NUMB sila gaUD@g$NUMB barig NUMB ban2 NUMB sila3 kašk cheese ,
ki albaniduta$from Albanidu ;
NUMB sila inun$NUMB barig NUMB ban2 NUMB sila3 butter oil ,
NUMB sila gaUD@g$NUMB barig NUMB sila3 kašk cheese ,
ki UCta$from UŠ ;
NUMB inun$NUMB ban2 butter oil ,
NUMB gaUD@g$NUMB ban2 kašk cheese ,
ki akicarta$from Akišar ;
cuGIRbi NUMB sila$its šuGIR : NUMB barig NUMB ban2 NUMB sila3 ;
NUMB sila i magura$NUMB ban2 NUMB sila3  oil for “ Barge ; ”
cunigin NUMB sila NUMB gin inun gur$total : NUMB gur NUMB barig NUMB ban2 NUMB sila3 NUMB shekels butter oil ,
cunigin NUMB sila NUMB gin gaUD@g gur$total : NUMB gur NUMB barig NUMB ban2 NUMB sila3 NUMB shekels kašk cheese ,
cabita$therefrom
NUMB sila inun$NUMB barig NUMB sila3 butter oil ,
NUMB sila ga gazi$NUMB ban2 NUMB sila3 sumac-cheese ,
NUMB sila gaUD@g$NUMB barig NUMB ban2 NUMB sila3 kašk cheese ,
giri urcakkan$via Ur-Šakkan ;
NUMB sila gacea gur$NUMB gur NUMB barig NUMB ban2 NUMB sila3 yellowed milk ,
giri kas$via Kas ;
ziga bala$booked out of the bala
mu amarsuen lugale urbilum muhul$of the year : “ Amar-Suen , the king , destroyed Urbilum ; ”
NUMB sila inun$NUMB barig NUMB ban2 NUMB sila3 butter oil ,
NUMB sila ga gazi$NUMB ban NUMB sila3 sumac-cheese ,
NUMB sila gaUD@g$NUMB barig NUMB ban2 NUMB sila3 kašk cheese ,
giri urcakkan$via Ur-Šakkan ;
NUMB sila gacea gur$NUMB gur NUMB barig NUMB sila3 yellowed milk ,
NUMB sila gaUD@g$NUMB ban3 NUMB sila3 kašk cheese ,
giri kas$via Kas ;
ziga bala mu ku guza enlila badim$booked out of the bala  of the year : “ the silvery chair of Enlil was fashioned ; ”
NUMB mana NUMB gin kubabbar$NUMB mana NUMB shekel silver
ara NUMBkam$the first time ,
NUMB mana NUMB gin ku$NUMB mana NUMB shekels silver
ara NUMBkam$the second time ,
giri lukala$via Lukala ,
NUMB gin ku$NUMB shekels silver ,
giri urcara caduba$via Ur-Šara the chief accountant ,
NUMB gin NUMB ce ku$NUMB shekels NUMB grains silver
giri luzabala$via Lu-Zabala ,
sag nabi NUMB gin NUMB ce ku$its “ stone overhead ” : NUMB shekel NUMB grains silver ,
inunbi NUMB sila NUMB gin gur$its butter oil : NUMB gur NUMB barig NUMB ban2 NUMB sila3 NUMB shekels ;
NUMB sila inun$NUMB ban2 NUMB sila3 butter oil ,
NUMB sila gacea$NUMB ban2 NUMB sila3 yellowed milk ,
sadu ara NUMBkam$first sadu-allotment ,
NUMB sila inun$NUMB sila3 butter oil ,
sadu ara NUMBkam$second sadu-allotment ,
NUMB gacea gibilce$NUMB barig yellowed milk … ,
kacdea lugal ummace gena$beer festival when the king went to Umma ,
kicibi NUMBam$their sealed documents : NUMB ,
ugu lukala gagadam$to be entered to the debit account of Lukala ;
NUMB sila inun$NUMB barig NUMB ban2 NUMB sila3 butter oil ,
NUMB sila gaUD@g$NUMB barig NUMB sila3 kašk cheese ,
NUMB sila gacea$NUMB sila3 yellowed milk ,
kicib lukala$under seal of Lukala ,
ugu ure gagadam$to be entered to the debit account of Ur-e'e ;
NUMB sila NUMB gin inun gur$NUMB gur NUMB barig NUMB ban2 NUMB sila3 NUMB shekels butter oil ,
NUMB sila ga gazi gur$NUMB gur NUMB barig NUMB ban2 NUMB sila3 sumac-cheese ,
NUMB sila gaUD@g gur$NUMB gur NUMB barig NUMB ban2 NUMB sila3 kašk cheese ,
NUMB gacea gur$NUMB gur NUMB barig NUMB ban2 yellowed milk ,
kicib urculpae$under seal of Ur-Šulpa'e ;
cunigin NUMB sila NUMB gin inun gur$total : NUMB gur NUMB barig NUMB ban2 NUMB sila3 NUMB shekels butter oil ,
cunigin NUMB sila NUMB gin ga gazi gur$total : NUMB gur NUMB sila3 NUMB shekels sumac-cheese ,
gaUD@gbi NUMB sila NUMB gin$its kašk cheese : NUMB gur NUMB ban2 NUMB sila3 NUMB shekels ,
cunigin NUMB gaUD@g gur$total : NUMB gur NUMB barig NUMB ban2 NUMB sila3 kašk cheese ,
cunigin NUMB sila gacea gur$total NUMB gur NUMB barig NUMB ban2 NUMB sila3 yellowed milk ,
inunbi NUMB sila NUMB gin$its butter oil : NUMB barig NUMB ban2 NUMB sila3 NUMB shekels ,
gaUD@gbi NUMB sila NUMB gin$its kašk cheese : NUMB barig NUMB ban2 NUMB sila3 NUMB shekels ;
cunigin NUMB sila NUMB gin inun gur$total : NUMB gur NUMB ban2 NUMB sila3 NUMB shekels butter oil ,
cunigin NUMB sila NUMB gin gaUD@g gur$total : NUMB gur NUMB barig NUMB ban2 NUMB sila3 NUMB shekels kašk cheese ,
zigam$booked out ;
laia NUMB sila NUMB gin inun gur$the deficit : NUMB gur NUMB barig NUMB ban2 NUMB sila3 NUMB shekels butter oil ,
NUMB sila NUMB gin gaUD@g gur$NUMB gur NUMB barig NUMB ban2 NUMB sila3 NUMB shekels kašk cheese ,
laiam$are the deficit ;
nigkak inun gar$account of butter oil and kašk cheese of
atu cuc$Atu , the chief cattle manager ;
mu ku guza enlila badim$year : “ The silver-chair of Enlil was fashioned . ”
inanna$For Inanna
nin ku nuna$Ninkununa ,
ninani$his mistress ,
urnamma$Ur-Namma ,
lugal urimake$the king of Ur ,
eani$her temple
munadu$he built for her .
cusuen$Šū-Suen ,
lugal kalga$strong king ,
lugal urima$king of Ur ,
lugal an ubda limmuba$king of the four corners
lusaizu$Lu-sa-izu ,
dubsar$scribe ,
dumu X$son of … ,
ARADzu$is your servant .
cara$For Šara ,
nirgal ana$the trusted one of An ,
dumu kiag$beloved son
inanna$of Inanna ,
adanir$his father ,
cusuen$Šū-Sîn ,
icib ana$the incantation-priest of An ,
gudu cu dadag$the priest with pure hands
enlil$of Enlil
ninlilka$and Ninlil ,
u dingir galgalene$and all the great gods ,
lugal enlile$the king whom Enlil
kiag$as one beloved
cagana$in his heart
inpa$did choose ,
sipa kalamace$the shepherd of the country ,
lugal kalga$the strong king ,
lugal urima$king of Ur
lugal an ubda limmubake$and king of the four quarters of the world ,
u bad martu$when the Mardu wall
muriq$That Which Keeps Distant
tidnim$the Tidnum ,
mudua$he had built ,
u ne martu$and the forces of the Mardu
madane$to his own land
bingia$he had sent back ,
e cage pada$the Temple Chosen by the Heart ,
e kiagani$his beloved temple ,
namtilanice$for his life
munadu$he built for him .
NUMB acgar niga saga us  $NUMB female kid , grain-fed , fine , second , 
NUMB udu  $NUMB sheep , 
NUMB ud $NUMB nanny , 
NUMB sila $NUMB lambs , 
ki cumamata $from Šu-Mama 
culgirimu $did Šulgi-irimu 
cu bati $receive ; 
iti sesdagu $month : “ Piglet-feast , ” 
mu huhnuri bahul$year : “ Ḫuḫnuri was destroyed . ” 
NUMB $NUMB . 
NUMB ninda gid NUMB kuc dagal ihi NUMB kuc sukud$NUMB ninda the length , NUMB cubits the average width , NUMB cubits the depth ;
NUMB nindana NUMB sarta$per  sar ,
kinbi NUMB sar$work involved : NUMB  sar ;
guruc NUMBe NUMB gin NUMB ceta$per worker  shekels ;
abi NUMB guruc u NUMBce$the labor : NUMB workdays ;
guruc NUMBe ani NUMB silata$disbursement per workerday : NUMB sila3 ;
cebi NUMB sila gur$the barley : NUMB gur NUMB barig NUMB ban2 NUMB sila3 ;
lu hungame$they are hired men ;
NUMB ninda gid NUMB kuc dagal NUMB kuc sukud$NUMB ninda the length , NUMB cubits the width , NUMB cubits the depth ;
kinbi NUMB sar NUMB gin$work involved : NUMB  shekels ;
gantucme$they are gantuš ;
im dua gida$pisé wall construction , drawn long ,
kiri babainimsisa$in the orchard of Baba-inim-sisa ;
ca garcumka$of Garšum ;
giri urbaba dumu cabrae$responsible : Ur-Baba , son of the household manager ,
lugalmusuda$Lugal-musuda ,
u lugalbaba dumu urlamma$and Lugal-baba son of Ur-Lamma ;
mu ibisuen lugal$the year : “ Ibbi-Suen is king . ”
NUMB udu niga inanna unu$NUMB barley-fed sheep  Inanna of Uruk ,
giri lugalimah sagi$via Lugalimah , cupbearer ;
NUMB udu ce NUMB sila ga$NUMB barley-fed sheep , a milk-fed lamb
ictaran$Ištaran ,
nuhidingirum mackim$from Nuhi-ilum , the deputy ;
NUMB sila ga nanna$NUMB milk-fed lamb  Nanna ,
eranada mackim$from Erranada , the deputy ;
siskur ca egal$an offering in the palace ;
NUMB macgal niga ilidagan$NUMB barley-fed large-goat , from Ili-Dagan ,
lu ebla$man of Ebla ;
NUMB macgal niga$NUMB barley-fed large-goat ,
X X X$… ,
NUMB macgal niga$NUMB barley-fed large-goat ,
budur lu urcu$from … , man of Uršu
NUMB macgal niga nagizu lu kingia ca X$NUMB large barley-fed goat , Nagizu , messenger from Ar-…
giri lugalinimgina$via Lugalinimgina
ARADmu ugula kas$ARAD-mu , overseer of the messengers ;
iti u NUMB bazal$ff the month , NUMB days have passed ,
ki ahunita bazi$booked out of  Ahuni ,
iti sesdagu$month : “ Eating piglets , ”
mu amarsuen lugal$year : “ Amar-Suen became king . ”
pisanduba$Basket-of-tablets
ab ud guba$xxx
u i ab uda gara$xxx
igal$xxx
mu ibisuen lugal$xxx
culgi$Šulgi ,
nita kalga$strong man ,
lugal urima$king of Ur ,
lugal kiengi ki uri$king of Sumer and Akkad .
NUMB sila kac NUMB sila ninda NUMB sa cum $NUMB sila3 beer , NUMB sila3 bread , NUMB bundles onions ,
NUMB gin i NUMB gin naga $NUMB shekels oil , NUMB shekels alkali-plant ,
lubanda $for Lu-banda ;
NUMB sila kac NUMB sila ninda NUMB sa cum $NUMB sila3 beer , NUMB sila3 bread , NUMB bundles onions ,
NUMB gin i NUMB gin naga $NUMB shekels oil , NUMB shekels alkali-plant ,
bizu $for Bizu ;
NUMB kac NUMB ninda NUMB sa cum $NUMB ban2 beer , NUMB ban2 bread , NUMB bundles onions ,
NUMB gin i NUMB gin naga $NUMB shekels oil , NUMB shekels alkali-plant ,
dingirsukkal $for Dingir-sukkal ;
NUMB sila kac NUMB sila ninda NUMB sa cum $NUMB sila3 beer , NUMB sila3 bread , NUMB bundles onions ,
NUMB gin i NUMB gin naga $NUMB shekels oil , NUMB shekels alkali-plant ,
nurickur $for Nūr-Adda ;
NUMB sila kac NUMB sila ninda NUMB sa cum $NUMB sila3 beer , NUMB sila3 bread , NUMB bundles onions ,
NUMB gin i NUMB gin naga $NUMB shekels oil , NUMB shekels alkali-plant ,
nigbaba $for Nig-Baba ;
NUMB sila kac NUMB sila ninda NUMB sa cum $NUMB sila3 beer , NUMB sila3 bread , NUMB bundles onions ,
NUMB gin i NUMB gin naga $NUMB shekels oil , NUMB shekels alkali-plant ,
lunanna $for Lu-Nanna ;
cunigin NUMB la NUMB sila kac NUMB sila ninda NUMB sa cum $total : NUMB ban2 less NUMB sila3 beer ; NUMB ban2 NUMB sila3 bread ; NUMB bundles onions ;
NUMB sila NUMB gin i NUMB gin naga $NUMB sila3 NUMB shekels oil ; NUMB shekels alkali-plant ;
u NUMBkam $ordNUMB day ,
iti dumuzi $month : “ Dumuzi . ”
iti cesagku $month “ Harvest , ” 
mu cusuen lugal urimake ma darabzu enkika bindu $year : “ The Shu-Suen , king of Ur , the boat  ‘Ibex-of-Abzu’ caulked . ” 
ninmar$To Ninmar ,
nin munusgilsa$the queen of the Munus-gilsa temple ,
ninani$his mistress ,
namti$for the life
culgi$of Šulgi ,
nita kalga$the mighty man ,
lugal urima$king of Ur
lugal an ubda limmubakace$and king of the four world quarters ,
urningirsu$Ur-Ningirsu ,
enmeziana$En-mezi-ana ,
cennu$the šennu-priest
en kiag nanceka$the beloved high priest of Nanše ,
a munaru$dedicated  to her .
NUMB la NUMB sila $NUMB less NUMB lambs , 
NUMB mac$NUMB billy , 
u NUMBkam $ordNUMB day , 
ki abasagata $from Abbasaga 
intaea $did Intae’a  
idab $accept ; 
iti ezemah $month “ Big-festival , ” 
mu cacru bahul $year : “ Šašru was destroyed ; ” 
NUMB $NUMB . 
pisanduba$Basket-of-tablets
im namcatam$tablets official ,
ugula namNUMBkene$foremen of the NUMB of
daumma$Da’umma ,
apisal$Apisal ,
guedina$Gu-edina ,
u mucbian$and Mušbiana
igal$are here ;
mu NUMBkam$NUMB years ;
mu urbilum u mu kimac$year : “ Urbilum and Kimaš were destroyed . ”
pisanduba$Basket-of-tablets
gurum ak daba$xxx
erin sagapin$xxx
e culgi$xxx
igal$xxx
mu guza enlila badim$xxx
gilgames$To Gilgameš
endimgig$of Endimgig ,
lugalani$his master ,
urnamma$Ur-Namma ,
nita kalga$the mighty man ,
lugal urima$king of Ur
lugal kiengi kiurike$and king of Sumer and Akkad ,
u e nanna$when the temple of Nanna
mudua$he had built ,
namtilanice$for his life
a munaru$he dedicated it to him .
lu mu saraba$A person who this inscription
cu bibura$shall erase ,
gilgamese$May Gilgameš
nam habadakue$curse him .
pisanduba$Basket-of-tablets
gurum ak daba$xxx
sagapin$xxx
erin ugIL$xxx
e ninmar$xxx
ugula abamu$xxx
u lunarua$xxx
igal$xxx
mu en inanna mace ipa$xxx
pisanduba$Basket-of-tablets
kicib didli X$sealed documents , varied , … ,
e luginata dea$from the house of Lugina delivered ,
igal$are here .
ursuen$Ur-Suen
dubsar$scribe ,
dumu urgigir$son of Ur-gigir
NUMB ce gur lugal$NUMB gur NUMB barig barley , royal ,
laia suga$deficit , repaid ,
ki lu muhaldimta$from Lu'u , the cook ,
lukala$Lukalla
cu bati$received ;
iti amarasi$month : “ amar-ayasi , ”
mu enmahgal nanna bahun$year “ Enmaḫgal of Nanna was installed . ”
NUMB GAN$NUMB bur3 NUMB eše3 NUMB iku field surface ,
cebi NUMB gur$its barley : NUMB gur NUMB barig ;
laia NUMB ce gur$the deficit : NUMB gur NUMB barig ,
aca dalbana$field Dalbana ;
NUMB GAN$NUMB bur3 NUMB eše3 NUMB iku field surface ,
cebi NUMB gur$its barley : NUMB gur ,
diri NUMB gur$the surplus : NUMB gur
aca igi eamar$field before E-amar ;
NUMB GAN$NUMB bur3 NUMB eše3 NUMB iku field surface ,
cebi NUMB gur$its barley : NUMB gur NUMB barig NUMB ban2 ,
laia NUMB gur$the deficit : NUMB gur NUMB barig NUMB ban2
aca edurubazi$field Village-bazi ;
NUMB GAN$NUMB GAN2
cebi NUMB gur$its barley : NUMB gur NUMB barig NUMB ban2 ,
diri NUMB gur$the surplus : NUMB gur NUMB barig NUMB ban2
aca abila$field Ab-illa ;
cunigin NUMB GAN$total : NUMB bur3 field surface ,
cunigin cebi NUMB gur$total , its barley : NUMB barig NUMB ban2 ,
muku$deliveries ;
cunigin NUMB gur$total : NUMB gur NUMB ban2 ,
laiam$are the deficit ;
ugula cuea$foreman : Šu-Ea ,
mu X$year : “ … . ”
NUMB ku gabIL$NUMB gabIL fish baskets ;
NUMB guruc u NUMBce ma mucen$NUMB workdays , male laborers , barge of the birds ;
NUMB guruc u NUMBce ziga didli$NUMB workdays , male laborers , various “ booked-outs ” ;
mu NUMBkam$ordNUMB year ;
NUMB la NUMB ku gabIL$NUMB less NUMB gabIL fish baskets ;
NUMB ku nun saga$NUMB nun-fish , good quality ;
NUMB la NUMB guruc u NUMBce ma mucen$NUMB less NUMB workdays , male laborers , barge of the birds ;
NUMB guruc u NUMBce ziga didli$NUMB workdays , male laborers , various “ booked-outs ” ;
mu NUMBkam$ordNUMB year ;
ku diri nudab$surplus fish not taken ;
albanidu$Albanidu
cu bati$received ;
iti ezemculgi$from month : “ Festival of Šulgi , ”
mu karhar ara NUMBkamac bahulta$year : “ Karḫar for the ordNUMB time was destroyed , ”
iti ezembaba$to month : Festival of Baba , ”
mu karhar ara NUMBkamac bahulce$year : “ Karḫar for the ordNUMB time was destroyed . ”
NUMB gu cugid$NUMB oxen , šugid-type ,
u NUMBkam$ordNUMB day ;
ki abasagata$from Abbasaga
enlila$Enlila
idab$accepted ;
iti ezemana$month : “ Festival-of-An , ”
mu en eridu bahun$year : “ The high priest of Eridu was installed . ”
NUMB$NUMB .
nance$To Nanše
ninani$his mistress ,
culgi$Šulgi ,
nita kalga$the mighty man ,
lugal urima$king of Ur
nincagepada$For Ninšagepada
ninani$his mistress ,
urnamma$Ur-Namma ,
lugal urimake$king of Ur ,
eani$her temple
munadu$he built for her .
NUMB guruc u NUMBce$NUMB workmen for NUMB days ,
abi u NUMB$the labor : NUMB days ,
ada guba$at the water stationed ,
aca amarkici$the field “ Amar-kiši , ”
aca muru$the field “ Center , ”
aca i lugalka$the field “ Royal waterway , ”
adea$water poured ,
ka i eka kura$intake of the out-waterway cut off ,
ka i eta$from the intake of the out-waterway
aca amarkici X cura$to field “ Amar-kiši ” … leveled ;
ugula X X$foreman : … ,
giri X$via … ,
kicib egalesi$under seal of Egalesi ,
mu usa cusuen lugale bad martu mudu$year following : “ Šu-Suen , the king , Martu wall erected . ”
pisanduba$Basket-of-tablets
X X$…
X kicibi$…
igal$are here .
luningirsu$Lu-Ningirsu ,
dubsar$scribe ,
dumu lubaba$son of Lu-Baba .
pisanduba$Basket-of-tablets
dub gida$long-tablets
X$of …-abba
igal$are here ;
mu enunugal inanna bahun$year : “ Enunugal of Inanna was hired . ”
pisanduba$Basket-of-tablets
gu udu i siki$xxx
kas cuc$xxx
mu NUMBkam$xxx
igal$xxx
mu enunugal inanna$xxx
mu cacru$xxx
eneru$enuru
muce kurmucta KA namgi$The snake from snake mountain indeed called .
meTAR an kika$The lizard of heaven and of earth
eme baniak$licked .
dumu meTAR an ki NUMBanene$The sons of the lizard , heaven and earth , are NUMB .
pu lilam idu$The well like wind it made .
a lilam inde$Water like wind he poured out .
gug lilam zabi ibdab$Grass like wind its right encircled .
gugbi gabuni$Its grass , his left
mubze$it tore out .
X cu umagi$Then his … held firm .
X X zu helae$… the  fang may he bind .
tutu abzu eriduga asarluhi dumu eriduke$The incantations of the Abzu of Eridu of Asalluhi , son of Eridu
namudabure$may they not be undone .
nisaba$Nisaba ,
munuszi$the righteous woman ,
munus saga$the beautiful woman .
adakala$Addakala ,
dubsare$the scribe ,
musar$wrote ,
igiza hensa$in your eyes he indeed pleased .
bala saga$Good bala .
urlisi$Ur-Lisi ,
ensi$governor
umma$of Umma
urama$Ur-amma ,
dubsar$scribe ,
dumu nasilim$son of Nasilim ,
ARADzu$is your servant .
pisanduba$Basket-of-tablets
mu didli ceba$various years , barley rations ,
ce erina$barley of the troops
u cabi suga$and therefroms , restitutions ,
nigka ceka$accounts of barley ,
igal$are here ;
mu cusuen lugal urimake madarabzu enkika bindu$year : “ By Šu-Suen , king of Ur , the boat ‘Ibex-of-Apsu’ of Enki was caulked . ”
cusuen$Šū-Suen ,
lugal kalga$strong king ,
lugal urima$king of Ur ,
lugal an ubda limmuba$king of the four corners
lugalamarku$Lugal-amarku ,
dubsar$scribe ,
dumu nasa kurucda$son of Nasa , the fattener ,
ARADzu$is your servant .
enlil$For Enlil ,
lugal kurkura$the king of all the lands ,
lugalani$his master ,
urnamma$Ur-Namma ,
nita kalga$the mighty man ,
lugal urima$king of Ur
lugal kiengi kiurike$and king of Sumer and Akkad ,
ekur$the Ekur ,
e kiagani$his beloved temple ,
munadu$he built for him .
NUMB X$NUMB … ,
NUMB X$NUMB … ,
NUMB mac$NUMB kids ,
u NUMB la NUMBkam$the ordNUMB day ,
ki abasagata$from Abbasaga ,
intaea$Inta’e’a
idab$accepted ;
iti X$month : “ . . , ”
mu enmahgalana en nanna bahun$year : “ Enmaḫgalana , the high-priestess of Nanna , was hired ; ”
NUMB$NUMB .
pisanduba$Basket-of-tablets
kicib daba gi$sealed documents of dab , reed ,
ARADeb$ARAD-eb ,
igal$are here ;
NUMB guruc u NUMBce$NUMB workdays ,
GAN urgigir cabra$land parcel of Ur-gigir , the chief administrator ;
NUMB guruc u NUMBce$NUMB workdays ,
GAN urgigir nubandagu$land parcel of Ur-gigir , oxen manager ;
NUMB guruc u NUMBce$NUMB workdays ,
GAN lugalgue$land parcel of Lugal-gue ;
gi zea gi kua u hirina zea$reed uprooted , reed cut and hirin-weed uprooted ;
aca agectina$field “ A-geština ; ”
ugula lugirizal$foreman : Lu-giri-zal ;
kicib ceckala dumu dada$under seal of Šeškalla , son of Dada ;
iti dal$month “ Flight , ”
iti cunumun$month : month “ Sowing ; ”
mu enmahgalana nanna bahun$year : “ Enmaḫgalana of Nanna was installed . ”
lugalniglagare$Lugal-nig-lagare ,
dubsar$scribe ,
dumu dada$son of Dada .
pisanduba$Basket-of-tablets
udu gukkal guba$xxx
ca girsu$xxx
ugula dugazida$xxx
ca kinunirnigin$xxx
u ca guaba$xxx
ugula carumili$xxx
igal$xxx
mu kimac$xxx
NUMB sila lal$NUMB sila3 date syrup ,
kubi NUMB gin$its silver : NUMB shekel ;
NUMB amarsag uztur$NUMB a . -ducklings ,
kubi NUMB gin$their silver : NUMB shekel ;
NUMB kuda$NUMB k . ,
kubi NUMB gin la igiNUMBgal$its silver : NUMB shekel less NUMB ;
NUMB la NUMB pecgecgi$NUMB less NUMB bandicoot rats ,
kubi igiNUMBgal NUMB ce$their silver : NUMB  grains ;
NUMB amarsag uga$NUMB a . -crow ,
kubi NUMB ce$its silver : NUMB grains ;
NUMB ku kunzi saga$NUMB reservoir fish , fine quality ,
kubi NUMB gin igiNUMBgal NUMB ce$their silver : NUMB shekels NUMB , NUMB grains ;
nesag enlila$“ first fruits ” of Enlil ,
kicib halulu$under seal of Ḫalulu ;
mu e puzurdagan$year : “ Puzriš-Dagan . ”
lugalezem dubsar$Lugal-ezem , the scribe ,
dumu lugalemahe$son of Lugal-emaḫe ,
cabra$the chief household manager .
hepi X$broken ,
X$the king
mari$of Mari ,
X puzurecdar$son of Puzur-Eštar
X$the king ,
ina mahri$before
i$the Divine River
belicu$his lord ,
mactaba$the Twin Gods ,
u ictaran$and Ištaran ,
X$…
i$The Divine River ,
ictaran$Ištaran ,
u mactaba$and the Twin Gods ,
X$his seed
lilqutu$may they pluck up
adi sidarkicu$as far as his …
kima pi X X ca ina sipar$According to the wording of an old stone stela which in Sippar
NUMB remutum X X NUMB X$Rēmũtum , the junior scribe ,  Su-… ,
us,abima isuh$examined and excerpted .
amarsuen$Amar-Suena ,
lugal kalga$the mighty king ,
lugal urima$king of Ur
lugal an ubda limmubake$and king of the four world quarters ,
ki enuga urima$the place of the watch in Ur
munadu$he built for him .
ki enugaba$This place of the watch
amarsuen$Amar-Suena
kiag nanna$Is the Beloved of Nanna
mubim$is its name .
NUMB zi sig gur lugal$NUMB gur rough flour , royal ,
NUMB dabin gur$NUMB gur dabin-flour ,
kicib uludi$under seal of Uludi ;
NUMB sila dabin gur$NUMB gur NUMB barig NUMB sila3 dabin-flour ,
kicib luninmar dumu duga$under seal of Lu-Ninmar , son of Duga ;
cunigin cebi NUMB sila gur$total , its barley : NUMB gur NUMB barig NUMB sila3 ,
abi NUMB geme u NUMBce$its labor : NUMB workdays , female laborers ;
cabita$therefrom
NUMB ziz gur kicib lutu ugula kikken$NUMB gur emmer , under seal of Lu-Utu , foremen of the mill ;
NUMB ce gur kicib urigalim ugula kikken$NUMB gur NUMB ban2 barley , under seal of Ur-Igalim , foreman of the mill ;
giri luninmar dumu duga$via Lu-Ninmar , son of Duga ;
NUMB la NUMB sila ce gur$NUMB gur less NUMB ban2 NUMB sila3 barley ,
kicib urnigar$under seal of Ur-nigar ;
NUMB ce gur anebadu nar$NUMB gur barley , Annebadu , the cantor ,
ca nibru$in Nippur ;
NUMB ce gur kicib ceckala$NUMB gur barley , under seal of Šeškalla ,
ca girsu$in Girsu ;
cunigin NUMB la NUMB sila ce ziz gur$total : NUMB gur less NUMB sila3 barley and emmer
ziga$booked out ;
laia NUMB sila ce gur$the deficit : NUMB gur NUMB barig NUMB sila3 barley ,
laia NUMB gin la NUMB ce ku a zidaka$the deficit : NUMB shekels less NUMB grains silver , labor of flour ;
nigkak kala$account of KAla’a
uludi dumu habanzizi$Uludi , son of Ḫabanzizi ;
mu usa e puzuricdagan badu$year after : “ The house Puzris-Dagan was erected . ”
cusuen$Šū-Suen ,
lugal kalga$strong king ,
lugal urima$king of Ur ,
lugal an ubda limmuba$king of the four corners
lunincubur$Lu-Ninšubur ,
dubsar$scribe ,
dumu lugalazida$son of Lugal-azida ,
ARADzu$is your servant .
NUMB guruc u NUMBce$NUMB male laborer workdays ,
ce irisarigta$grain from Irisagrig
ziga$booked out ;
ugula ala$foreman : Alaya ,
kicib urmes$under seal of Ur-mes ;
iti cueca$month : “ Šu’eša , ”
mu huhnuri bahul$year : “ Ḫuḫnuri was destroyed . ”
urmes$Ur-mes ,
dubsar$scribe ,
dumu ursuen$son of Ur-Suen .
pisanduba$Basket-of-tablets
kicib daba a erina$xxx
ceckala dumu tirgu$xxx
iti NUMBkam$xxx
igal$xxx
iti sigicubagarata$xxx
iti dumuzice$xxx
mu cusuen lugale mada zabcali muhul$xxx
musaraba$this inscription
cu bibura$shall erase
muni$and his name
pisanduba$Basket-of-tablets
gargara$… ,
gurumak erina$inspection of the worktroops ,
girisega guapina$personnel of the plow-oxen ,
girisega sipa unuene$personnel of the plow-oxen ,
guapin etur udu namenitala$plow-oxen , stall , rams of … ,
ki cunamugita$from Šunamugi
lunincubur idab$did Lu-Ninšubur accept ;
giri urnigar caduba$via Ur-nigar , chief accountant ,
u urbaba dubsar$and Ur-Baba , scribe ,
mu en nanna karzida bahun$year : “ en of Nanna of Karzida was installed , ”
igal$are here .
X X $…
X i ukim $… ukim ;
X iduga adu $… fine oil , Adu
nubanda $the nubanda ;
nizuhu X $… ;
X  $…
X tiuga $… ;
X luazida $… Lu-azida .
culgi$Šulgi ,
nita kalga$the mighty man ,
lugal urima$king of Ur
lugal an ubda limmuba$and king of the four world quarters .
pisanduba$Basket-of-tablets
nigkak kuc$accounts of leather
u kicib dababi$and sealed documents of their dab ,
lunamanka$Lu-namanka ,
igal$are here ;
mu amarsuen lugal$year : “ Amar-Suen is king . ”
n NUMB sila NUMB gin gu hia gur$… NUMB gur NUMB barig NUMB sila3 NUMB shekels various pulses ;
n gin celu$… shekels coriander ;
n NUMB sila gamun$… NUMB ? sila3 cumin ;
n NUMB sila NUMB gin cezibitum$… NUMB sila3 NUMB shekels še-zibītum spice ;
gu balabi NUMB sila NUMB gin$its bala pulse : NUMB  sila3 NUMB shekels ;
NUMB sila NUMB gin gutur usa$NUMB sila3 NUMB shekels roughly crushed small pulses ,
gu balabi NUMB sila$its bala pulse : NUMB sila3 ;
NUMB sila NUMB gin gamun gaz$NUMB  sila3 NUMB shekels crushed cumins ,
gamun balabi NUMB sila NUMB gin$its bala cumin : NUMB  sila3 NUMB shekels ;
n X X gamun$… cumin ;
n cezibitum$… še-zibītum spice ;
n celu gaz$… crushed coriander ,
celu balabi NUMB n sila NUMB gin$its bala coriander : NUMB  … sila3 NUMB shekels ;
n celu$… coriander ;
NUMB sila NUMB gin gazi gaz$NUMB ban2 NUMB sila3 NUMB  shekels crushed sumac ,
gazi balabi NUMB sila NUMB gin$its bala sumac : NUMB ban2 NUMB sila3 NUMB shekels ;
n gin gazi$… shekels sumac ;
n NUMB sila NUMB gin mun$… NUMB ? NUMB ? sila3 NUMB shekels salt ;
X mana sig mun$… mana brick salt ;
X X NUMB gin cezibitum$… NUMB shekels še ? -zibītum ? spice ;
X X X$… ,
gamun balabi X NUMB sila$its bala cumins : … NUMB sila3 ;
NUMB sila celu gaz$NUMB barig NUMB ban2 NUMB sila3 crushed coriander ,
celu balabi NUMB sila$its bala coriander : NUMB barig NUMB ban2 NUMB sila3 ;
NUMB sila gazi gaz$NUMB barig NUMB ban2 NUMB sila3 crushed sumac ,
gazi balabi NUMB$its bala sumac : NUMB barig NUMB ban2 ;
NUMB sila mun gur$NUMB gur NUMB barig NUMB ban2 NUMB sila3 salt ;
NUMB sila numun zahili$NUMB sila3 cress seed ;
sadu kura$regular provisions , cut ;
ca urima$in/of Ur ;
cunigin X NUMB sila X gin gu hia gur$total : … NUMB gur NUMB barig NUMB ban2 NUMB sila3 … shekels various pulses ;
cunigin NUMB sila X X gamun gur$total : NUMB gur NUMB barig NUMB sila3 x of cumin ;
cunigin NUMB n NUMB sila NUMB gin celu gur$total : NUMB gur NUMB 1ban2 NUMB sila3 NUMB shekels coriander ;
cunigin NUMB X X X X gur$total : NUMB  gur NUMB barig … ;
NUMB cezibitum$NUMB barig NUMB ban2 of še-zibītum spice ;
NUMB n NUMB sila gamun$NUMB barig … NUMB sila3 cumins ;
NUMB numun zahili$NUMB ban2 of cress seed ;
NUMB sila kumul$NUMB barig NUMB sila3 ku-mul spice ;
sadu lugal$regular provisions  the king
u ziga nigdiri$and booked-outs , additional ,
ca nibru$in/of Nippur ;
NUMB sila gugal ara$NUMB barig NUMB ban2 NUMB sila3 ground big pulses ;
NUMB sila gutur usa$NUMB barig NUMB ban2 NUMB sila3 roughly crushed small pulses ;
NUMB sila zi gugal$NUMB barig NUMB sila3 big pulses flour ;
NUMB sila gugal$NUMB barig NUMB ban2 NUMB sila3 big pulses ;
NUMB sila gamun gaz$NUMB ban2 NUMB sila3 crushed cumin ;
NUMB sila celu gaz$NUMB barig NUMB ban2 NUMB sila3 crushed coriander ;
NUMB sila gazi gaz$NUMB barig NUMB ban2 NUMB sila3 crushed sumac ;
NUMB sila mun gur$NUMB gur NUMB barig NUMB ban2 NUMB sila3 salt ;
NUMB sila numun zahili$NUMB ban2 NUMB sila3 cress seed ;
sadu ca urima$regular provisions in/of Ur ,
ziga lugal$royal withdrawal ;
cunigin X gugal$total : … big pulses ;
cunigin NUMB sila gamun gaz$total : NUMB barig NUMB ban2 NUMB sila3 crushed cumin ,
gamun balabi NUMB sila$its bala cumin : NUMB barig NUMB ban2 NUMB sila3 ;
cunigin NUMB gamun$total : NUMB barig cumin ;
cunigin NUMB sila celu gaz gur$total : NUMB gur NUMB barig NUMB sila3 crushed coriander ,
celu balabi NUMB sila$its bala coriander : NUMB gur NUMB barig NUMB sila3 ;
cunigin NUMB celu gur$total : NUMB gur coriander ;
cunigin NUMB sila NUMB gin gazi gaz$total : NUMB gur NUMB barig NUMB ban2 NUMB sila3 NUMB shekels crushed sumac ,
gazi balabi NUMB sila NUMB gin gur$its bala sumac : NUMB gur NUMB barig NUMB ban2 NUMB sila3 NUMB shekels ;
cunigin NUMB gazi gur$total : NUMB gur sumac ;
cunigin NUMB cezibitum$total : NUMB barig NUMB ban2 of še-zibītum spice ;
cunigin NUMB sila ukur$total : NUMB barig NUMB sila3 u2-kur spice ;
cunigin NUMB sila numunzahili$total : NUMB ban2 NUMB sila3 cress seed ;
cunigin NUMB sila mun gur$total : NUMB gur NUMB barig NUMB ban2 NUMB sila3 salt ;
diri X gamun NUMBta$surplus : … cumin at NUMB ban2 each ;
diri n NUMB sila cezibitum NUMBta$surplus : … NUMB ban2 NUMB sila3 še-zibītum spice at NUMB ban2 each ;
diri NUMB sila NUMB gin mun NUMB gurta$surplus : NUMB barig NUMB ban2 NUMB sila3 NUMB shekels salt , at NUMB gur each ,
gubi NUMB sila NUMB gin gur$its pulses : NUMB gur NUMB barig NUMB ban2 NUMB sila3 NUMB shekels ,
diri laia gua$the surplus the deficit having ‘consumed’ ;
laia NUMB sila gu hia$deficit : NUMB barig NUMB ban2 NUMB sila3 various pulses ,
NUMB sila NUMB gin celu$NUMB barig NUMB ban2 NUMB sila3 NUMB shekels coriander ,
NUMB sila NUMB gin gazi gur$NUMB gur NUMB barig NUMB sila3 NUMB shekels sumac ,
NUMB sila ukur$NUMB ban2 NUMB sila3 u2-kur spice ,
NUMB sila NUMB gin numun zahili$NUMB ban2 NUMB sila3 NUMB shekels cress seed ,
X NUMB sila NUMB gin kumul$… NUMB sila3 NUMB shekels ku-mul spice ,
n NUMB sila zizibianum$… NUMB ban2 NUMB sila3 zizibiānum spice
n n mana sig mun$… mana brick salt ,
laiam$it is the deficit ;
nigkak mungazi$account of spices
urigalim$Ur-Igalim ,
iti cesagkuta$from month “ Harvest , ”
iti diri cesagkuce$to the extra month “ Harvest , ”
iti NUMBkam$it is NUMB months .
pisanduba$Basket-of-tablets
dub gida$xxx
idub giri kudamu$xxx
igal$xxx
mu simurum lulubu ara NUMB la NUMBkamac bahul$xxx
amarsuen$Amar-Suena ,
lugal kalga$the mighty man
nanna$For Nanna ,
dumusag$the first-born son
enlila$of Enlil ,
lugalani$his master ,
urnamma$Ur-Namma ,
nita kalga$the mighty man ,
lugal urima$the king of Ur
lugal kiengi kiurike$and king of Sumer and Akkad ,
lu e nanna$the man who the temple of Nanna
indua$built ,
niguliake pa munae$he made an everlasting thing appear resplendently ,
gaba abkaka$on the sea coast
kisara namgaec bisilim$in the … he restored long-distance trade to health
ma magan cuna munigi$and returned the boats of Magan to his control .
lubala$Lu-balaya
nurickurka$Nur-Iškur
cu iba$has been released .
akala$Akalla ,
dubsar$scribe ,
dumu urnigar cuc$son of Ur-nigar , chief livestock administrator .
NUMB guruc u NUMBce$NUMB laborers for NUMB days
ummata dugecikace ma su gida$from Umma to Dugeši an empty boat towed ,
u NUMBce ce gec ea u ma siga$for NUMB days barley threshing and in the boat loaded ,
u NUMBce i salac ma gida$for NUMB day to the Salla canal boat towed ,
u NUMBce ce bala ce bala u gurua imura$for NUMB days grain unloaded , grain transferred , and silo plastering ;
ugula urcakkan$foreman : Ur-Šakkan ,
kicib urcara$sealed document of Ur-Šara ;
mu en gaec bahun$year : “ The lord of Ga’eš was installed . ”
urcara$Ur-Šara ,
dubsar$scribe ,
dumu ceckala$son of Šeškalla .
pisanduba$Basket-of-tablets
kicib ra guruma$sealed documents of inspections
cabrane$of the chief house administrators
igal$are here ;
mu$year : “ … . ”
pisanduba$Basket-of-tablets
ab gu guba$cows and oxen stationed ,
X$…
X$…
girsuta$from Girsu
guabace$to Guabba ,
igal$are here ;
mu usa en eridu bahunga$year following : “ The en- of Eridu was hired . ”
NUMB udu bargal$NUMB sheep with fleece ,
NUMB sila bargal$NUMB lambs with fleece ,
NUMB udu barsuga$NUMB sheep without fleece ,
NUMB ud mac hia$NUMB mixed nanny and billy goats ,
ki kasta$from Kas
lusuen idab$Lu-Suen took ;
mu usa kimac bahul$year after : “ Kimaš was destroyed . ”
pisanduba$Basket-of-tablets
mu NUMB sikiba geme ucbar$NUMB years , wool rations of the female weavers ,
ugula abagula$foreman Abbagula ,
ugula utubae$foreman Utu-ba’e ,
ugula kuda$foreman Kuda ,
u eb tuda$and … ,
igal$are here ;
mu enmahgalana$year : “ Enmaḫgalana . ”
cusuen$Šū-Suen ,
lugal kalga$strong king ,
lugal urima$king of Ur ,
lugal an ubda limmuba$king of the four corners
urbaba$Ur-Baba ,
dubsar$scribe ,
dumu ureninnu$son of Ur-Eninnu ,
ARADzu$is your servant .
pisanduba$Basket-of-tablets
ca dugan$in the pouch ,
ekas ca girsu$messenger house in Girsu ,
igal$are here ;
iti ezemdumuzika$from month “ Festival-of-Dumuzi , ”
iti ceilace$to month “ Barley-carried , ”
iti NUMBkam$NUMB months ,
mu usa kimac bahul$year after : “ Kimaš was destroyed . ”
pisanduba$Basket-of-tablets
indub gec ea$xxx
ku mac kia$xxx
ce apinla daba$xxx
cegeci muku$xxx
gu muku$xxx
zulum muku$xxx
u laia sugabi$xxx
imbi NUMBam$xxx
niginbabi NUMBam$xxx
ingal$xxx
iti NUMBkam$xxx
mu usa bad mada badua$xxx
cusuen$Šū-Suen ,
lugal kalga$strong king ,
lugal urima$king of Ur ,
lugal an ubda limmubake$king of the four corners
culgihazir$to Šulgi-ḫazir ,
cagina$general ,
ARADdanir$his servant ,
inaba$he gifted .
NUMB tug ucbar tur sumun$Six old small “ weaver ” garments ,
NUMB tug cagadu sumun$two old šagadu garments ,
mu ucbar X$the … weavers ;
NUMB tug ucbar tur$NUMB small “ weaver ” garments ,
NUMB tug ucbar zu uh$NUMB “ weaver ” garment , moth-eaten ;
mu amarsuen lugale urbilum muhul$year : “ Amar-Suen , the king , destroyed Urbilum ; ”
ki ensikata$from the governor ,
kicib ikala$under seal of Ikalla ,
urcarake bandab$Ur-Šara assumed administrative responsibility for .
urcara$Ur-Šara ,
dubsar$scribe ,
dumu lugalucur$son of Lugal-ušur .
NUMB sila kac NUMB sila ninda NUMB sa cum $NUMB sila3 beer , NUMB sila3 bread , NUMB bundles onions ,
NUMB gin i NUMB gin naga $NUMB shekels oil , NUMB shekels alkali-plant ,
lunanna $for Lu-Nanna ;
NUMB sila kac NUMB sila ninda NUMB sa cum $NUMB sila3 beer , NUMB sila3 bread , NUMB bundles onions ,
NUMB gin i NUMB gin naga $NUMB shekels oil , NUMB shekels alkali-plant ,
urdingira $for Ur-dingira ;
NUMB kac NUMB ninda NUMB sa cum $NUMB ban2 beer , NUMB ban2 bread , NUMB bundles onions ,
NUMB gin i NUMB gin naga $NUMB shekels oil , NUMB shekels alkali-plant ,
dania $for Danniya ;
NUMB sila kac NUMB sila ninda NUMB  $NUMB sila3 beer , NUMB sila3 bread , NUMB bundles onions ,
NUMB gin i NUMB gin naga $NUMB shekels oil , NUMB shekels alkali-plant ,
X $for Ur-…-du
NUMB sila kac NUMB sila ninda NUMB sa cum $NUMB sila3 beer , NUMB sila3 bread , NUMB bundles onions ,
NUMB gin i NUMB gin naga $NUMB shekels oil , NUMB shekels alkali-plant ,
anahili $for Anna-ḫili ;
NUMB sila kac NUMB sila ninda NUMB sa cum $NUMB sila3 beer , NUMB sila3 bread , NUMB bundles onions ,
NUMB gin i NUMB gin naga $NUMB shekels oil , NUMB shekels alkali-plant ,
dingirsukkal $for Dingir-sukkal ;
cunigin NUMB sila kac NUMB la NUMB sila ninda NUMB sa cum $total : NUMB ban2 NUMB sila3 beer ; NUMB ban2 less NUMB sila3 bread ; NUMB bundles onions ;
NUMB sila NUMB gin i NUMB gin naga $NUMB sila3 NUMB shekels oil ; NUMB shekels alkali-plant ;
u NUMBkam $ordNUMB day ,
iti ezem culgi $month : “ Festival of Šulgi . ”
ig gal elamata$from the great gate of Elam
za cucince$to the border of Susa ,
lugalra$for the king
gu munagigi$they killed many cattle
udu munagigi$and killed many sheep .
ensiensi elamake$All the governors of Elam
mucen tecbi nunuz zuhzuhgin$like birds stealing eggs together
nera niba munake$were themselves taking booty .
sag elam utuda$Persons born in Elam
X$…
uba X$At that time , …
ur cusi X$like
giri X$having lain at  feet ,
gutarla dumu gutimumara$Gutarla , the citizen of Gutium ,
inim anake$the word of An
cu numunibtag$had not touched .
geckim enlila$Of the signs of Enlil
name numudagal$there were none at all regarding him .
namlugalce$For the kingship
a imatu$he bathed himself .
aga ban X X$The crown which they had …
X X$…
u ane X miniIL$and he carried … there .
ana binakbi$For what he had done there ,
mada gutimum$the lands of Gutium
simudar$and Simudar
sigba ugnim ki banitag$planted troops there in the south .
tulium$Tulium ,
kar magur nuzu$the harbor which knew no deep-going boats ,
mete NI X$a fitting thing …
X$because of … ,
nam X su X$and because of … ,
urnamma$Ur-Namma
X urima$… in/of Ur
zicagal X ku enlila$the encouragement of holy Enlil
anta X$from above …
X lugalbanda X X lu muciak$… Lugalbanda … did … to the men .
X imidare AN gi X$… was splitting … upward …
NUMB amar gu ga$NUMB suckling bull calf ,
NUMB udu niga saga us$NUMB sheep , barley-fed , of ordNUMB grade ,
NUMB udu X$NUMB sheep … ,
NUMB X$NUMB … ,
NUMB X$NUMB … ,
NUMB sila X$NUMB lamb … ,
bauc u NUMB la NUMBkam$slaughtered , the ordNUMB day ,
ki ahunita$from Ahuni
urnigar$Ur-nigar
cu bati$received ;
iti kisikininazu minkam$month : “ ki-siki of Ninazu , ” the second ,
mu simurum lulubu ara NUMB la NUMBkam bahul$year : “ Simurum  Lulubu for the ordNUMB time were destroyed . ”
pisanduba$Basket-of-tablets
GAN kab duga$fields , inspected ,
cabra sangame$of chief household administrators and chief temple administrators ,
igal$are here ;
mu hurti bahul$year : “ Ḫurti was destroyed . ”
NUMB gin kubabbar$NUMB shekel silver ,
a urickur$labor of Ur-Iškur ,
ki lugalazidata$from Lugal-azida
gemenungalke$did Geme-Nungal
u cudurul dumuni$and Šu-durul , her son ,
cu batiec$receive ;
igi urickur$before Ur-Iškur ,
igi dumu ursuen$before the son of Ur-Suen ,
igi luickur$before Lu-Iškur ,
igi tulta dumu lugalhegal$before Tulta , son of Lugal-ḫegal
tukumbi$if
gala badag$there is a work loss ,
ce NUMB silata agdam$barley , NUMB sila3 per  will be measured out ,
mu lugalbi inpa$did he the royal name invoke ;
iti cesagku$month : “ Harvest , ”
mu magurmah enlila babdu$year : “ The Big-Barge of Enlil was caulked . ”
cutul$Šutul ,
dumu gemenungal$son of Geme-Nungal .
gemeningal$Geme-Ningal ,
dumu bagina$son of Bagina .
pisanduba$Basket-of-tablets
dub gida$long-tablets
u sagnigura$and debits
X$…
igal$are here ;
mu$year : “ … . ”
pisanduba$Basket-of-tablets
bitum$xxx
muku$xxx
meictaran$xxx
iti sesdagu$xxx
mu e cara mudu$xxx
igal$xxx
apa nabasata$From the side of the Nabasa canal
NUMB ninda gid NUMB kuc dagal NUMB kuc sukud$NUMB ninda the length , NUMB cubit the width , NUMB cubit the height ,
aca NUMB sar$the volume NUMB sar ;
NUMB ninda gid NUMB kuc dagal NUMB kuc sukud$NUMB ninda the length , NUMB cubit the width , NUMB cubits the height ,
aca NUMB sar$the volume : NUMB sar ;
apisal X X$Apisal … ;
NUMB X$NUMB …
aca X$the volume …
NUMB X X$NUMB …
a X$…
a X$…
X$…
n X$NUMB …
n X$NUMB …
a X$from the side of …
NUMB ninda gid NUMB kuc dagal NUMB kuc sukud$NUMB ninda the length , NUMB cubit the width , NUMB cubit the height ;
aca NUMB sar NUMB gin$the volume NUMB sar , NUMB shekels .
e aca pirigturginDUce$For a levee in the field Pirigtur-gin-DU
cunigin NUMB ninda gid$Total : NUMB ninda the length .
cunigin NUMB sar kin sahar u usag$Total : NUMB sar the activity for earthwork and reed bundle for barges
e aca lugalmusa gaba agectinaka$The levee of the Lugal-mussa field that is in front of A-geštin field
e kisumuna gida$has been measured up to the levee of a plot with poor soil ? ;
ugula sanga dumuzi u sanga ninDARa$the foremen  Nin-DARa .
mu guza enlila badim$Year : The throne of Enlil was fashioned
pisanduba$Basket-of-tablets
erin balace guba$worktroopes to bala stationed ,
erin kicgati$worktroops of Kišgati
im laia$tablets of deficits
u nigkak$and accounts ,
iti paue$year “ Pa’ue , ”
mu mada zabcali bahul$year : “ The lands of Zabšali were destroyed . ”
nimintaba$For Nimintaba ,
ninani$his mistress ,
culgi,$Šulgi
nita kalga$the mighty man ,
lugal urima$king of Ur
lugal kiengi kiurike$and king of Sumer and Akkad ,
eani$her temple
munadu$he built for her .
nimintaba$For Nimintaba ,
ninani$his mistress ,
culgi$Šulgi ,
nita kalga$the mighty man ,
lugal urima$king of Ur
lugal kiengi kiurike$and king of Sumer and Akkad ,
eani$her temple
munadu$he built for her .
giri cuecdar sagi$via Šu-Ešdar , the cupbearer ,
bala u NUMBkam$bala , the ordNUMB day ;
iti ezemekigal$month : “ Festival of Mekigal , ”
mu en inanna unuga mace ipa$year : “ The high-priest of Inanna in Uruk by means of extispicy was chosen . ”
ibisuen$Ibbi-Suen ,
lugal kalga$strong king ,
lugal urima$king of Ur
cuecdar$Šu-Ešdar ,
sagi$cup-bearer ,
dumu X$son of …-du ,
ARADzu$your servant .
pisanduba$Basket-of-tablets
ecucuma$house of consignments ,
ucbar X$weavers , Lu-… ,
e ucbar egal$house of weavers of the palace ,
u e ucbar nindingir$and house of weavers of the priestess
baba$of Baba ,
luinimnigsaga$Lu-inimnigsaga ,
ca girsu$in Girsu ,
igal$are here ;
mu$year : “ … . ”
pisanduba$Basket-of-tablets
ceba sikiba geme ucbar$xxx
ugula lunincubur dumu urlamma$xxx
baur$xxx
NUMB lunincubur$xxx
NUMB dada$xxx
NUMB luhurim$xxx
NUMB luenki$xxx
NUMB izu$xxx
NUMB lunisaba$xxx
NUMB urnigar$xxx
NUMB urningeczida$xxx
cunigin NUMB guruc u X X$xxx
ca guaba X$xxx
mu X X X X$xxx
cusuen$Šū-Suen ,
nita kalga$strong man ,
lugal urima$king of Ur ,
lugal an ubda limmuba$king of heaven with its four corners
cuera$Šu-Erra ,
muhaldim lugal$royal cook ,
dumu zakili$son of Zak-ilī ,
ARADzu$is your servant .
NUMB uztur$NUMB duck ,
NUMB ir$NUMB pigeon ,
NUMB tugur$NUMB dove ,
NUMB cahNEturnitagecgi$NUMB male piglet , canebrake type ,
nigu ningace$for food of my queen ;
NUMB uztur$NUMB duck ,
NUMB ir$NUMB pigeon ,
bauc$slaughtered ,
egala banku$brought to the palace ;
itita u NUMB bazal$of the month the ordNUMB day passed ;
ziga$booked out
urlugaledina$of Ur-Lugaledina ;
iti kisiki ninazu$month : “ ki-siki-of-Ninazu , ”
mu usa urbilum bahul$year after : “ Urbilum was destroyed . ”
pisanduba$Basket-of-tablets
a gula ente$xxx
cabrane$xxx
X$xxx
mu en nanna gaec bahun$xxx
cusuen$Šū-Suen ,
lugal kalga$strong king ,
lugal urima$king of Ur ,
lugal an ubda limmuba$king of the four corners
babara X$Babara … ,
dumu X$son of Lu-… ,
ARADzu$is your servant .
pisanduba$Basket-of-tablets
kicib ce ziga$sealed documents , grain , credits ,
sag baDU$… .
pisanduba$Basket-of-tablets
idub kara$xxx
siki urlamma$xxx
mu NUMBkam$xxx
igal$xxx
cusuen$Šu-Suen ,
lugal kalga$strong king ,
lugal urima$king of Ur ,
lugal an ubda limmuba$king of heaven with its four corners
akala$Ayakalla ,
ensi$governor
umma$of Umma ,
ARADzu$your servant .
pisanduba$Basket-of-tablets
nigkak situm$xxx
lu nigdab ca niginkene$xxx
u gara ninda ea$xxx
igal$xxx
mu guza enlila badim$xxx
cusuen$Šū-Suen ,
lugal kalga$strong king ,
lugal urima$king of Ur ,
lugal an ubda limmubake$king of the four corners
nurickur$to Nūr-Adda ,
sagi$cupbearer ,
ARADdani$his servant ,
inaba$he gifted .
pisanduba$Basket-of-tablets
aca dudua$xxx
lu marsa$xxx
sadu$xxx
kaguru$xxx
candana$xxx
dubsar gu udu$xxx
girisega$xxx
e ningirsu u baba$xxx
agaus ensi$xxx
idume$xxx
mauzala$xxx
igal$xxx
NUMB ce gur$NUMB gur barley
sadu cara cupalil$regular offering for Šara … ,
guedinata$from Gu-edina
ki egalesita$from Egalesi
hala cu bati$did Ḫala receive ;
iti cesagkuta$from the month “ Harvest ”
iti nesagce$to the month “ First-fruit offering , ”
mu usa cacru bahul$year after : “ Šašru was destroyed . ”
hala$Ḫala ,
dumu lugalemah$son of Lugal-emaḫ ,
lu lunga cara$brewer of Šara .
uc ursilaluh$Dead : Ur-silaluḫ ,
NUMB GAN eurbidu ugula$NUMB aš-c- , ‘field’ : E-urbidu , a foreman ,
NUMB GAN girinisa$NUMB aš-c- , ‘field’ : Girini-isa ,
dumunime$—they are his sons— ,
NUMB GAN urgectinanka$NUMB aš-c- , ‘field’ : Ur-Geštinanka ,
NUMB lusukkalanka$NUMB diš- : Lu-Sukkalanka ,
dumunime$—they are his sons— ,
tir kisura idab$the Border-woods took in charge ;
NUMB ug dugani$NUMB aš-c- , porter : Dugani ,
tir cunamugi idab$the Šunamugi-woods took in charge ;
NUMB GAN inimcara$NUMB aš-c- , ‘field’ : Inim-Šara ,
NUMB lugalinimgina dumuni$NUMB diš- : Lugal-inim-gina , his son ,
tir akunkum idab$the Akunkum-woods took in charge ;
cu uraba$old : Ur-abba ,
NUMB GAN lucara dumuni$NUMB aš-c- , ‘field’ : Lu-Šara , his son ,
tir kamari idab$the Kamari-woods took in charge ;
uc lugalitida$dead : Lugal-itida ,
NUMB GAN lugina$NUMB aš-c- , ‘field’ : Lu-gina ,
NUMB ahubaqar$NUMB aš- : Aḫu-baqar ,
uc lucara$dead : Lu-Šara ,
NUMB atanah$NUMB diš- : Atannaḫ ,
dumunime$—they are his sons— ,
tir aca amri idab$the Amri-field-woods took in charge ;
NUMB GAN luabu$NUMB aš-c- , ‘field’ : Lu-Abu ,
NUMB luebgal$NUMB aš- : Lu-ebgal ,
NUMB luenkidu$NUMB diš- : Lu-Enkidu ,
dumu dadaga$—sons of Dayadaga— ,
tir ula idab$the Ula-woods took in charge ;
NUMB GAN ug adudu$NUMB aš-c- , ‘field’ , porter : Adudu ,
NUMB lugalkuzu dumuni$NUMB diš- : Lugal-kuzu , his son ,
tir kirimah idab$the Big-orchard-woods took in charge ;
NUMB nu GAN inimanizi$NUMB aš-c- , ‘field’ : Inimanizi ,
NUMB nu uremah$NUMB aš- : Ur-Emaḫ ,
NUMB nu utusaga$NUMB diš- : Utu-saga ,
NUMB nu ururbartab$NUMB diš- : Ur-Urbartab ,
dumunime$—they are his sons— ,
tir i dula idab$the Dula-waterway-woods took in charge ;
NUMB cagubi zah$NUMB aš-c- : Šagubi , flown ,
tir aca carasi idab$the Šarasi-field-woods took in charge ;
NUMB GAN uremac dumu ursilaluh$NUMB aš-c- , ‘field’ : Ur-Emaš , son of Ur-silaluḫ ,
tir daguna idab$the Daguna-woods took in charge ;
ugula eurbidu$foreman : E-urbidu ;
NUMB GAN ceckala ugula$NUMB aš-c- , ‘field’ : Šeškalla , foreman ,
NUMB inimanizi dumuni$NUMB diš- : Inimanizi , his son ,
NUMB GAN lugalhili$NUMB aš-c- , ‘field’ : Lugal-ḫili ,
NUMB carazida$NUMB aš- : Šara-zida ,
NUMB luabu$NUMB diš- : Lu-Abu ,
dumu alume$—they are sons of Allu— ,
tir elugal idab$the Royal-house-woods took in charge ;
NUMB GAN akala dumu urtulmah$NUMB aš-c- , ‘field’ : Akalla , son of Ur-tulmaḫ ,
NUMB girinisa dumuni$NUMB diš- : Girini-isa , his son ,
tir kara idab$the Quay-woods took in charge ;
NUMB GAN ceckala$NUMB aš-c- , ‘field’ : Šeškalla ,
NUMB lugalhegal dumuni$NUMB aš- : Lugal-ḫegal , his son ,
tir masar idab$the Masar-woods took in charge ;
NUMB GAN ludingira dumu urlugal$NUMB aš-c- , ‘field’ : Lu-dingira , son of Ur-lugal ,
tir turuda idab$the Turuda-woods took in charge ;
NUMB GAN ug lugalhegal dumu urgu$NUMB aš-c- , ‘field’ , porter : Lugal-ḫegal , son of Ur-gu ,
NUMB luninazu dumuni$NUMB diš- : Lu-Ninazu , his son ,
tir nagsu idab$the Nagsu-woods took in charge ;
NUMB GAN lugalzage$NUMB aš-c- , ‘field’ : Lugal-zage ,
NUMB lunanna dumuni$NUMB diš- : Lu-Nanna , his son ,
tir girgec idab$the Girgeš-woods took in charge ;
NUMB GAN urnigar$NUMB aš-c- , ‘field’ : Ur-nigar ,
NUMB ata dumuni$NUMB diš- : Ata , his son ,
tir inime idab$the Inime-woods took in charge ;
cu abasaga$old : Abba-saga ,
tir balatimdurun idab$the Bala’atimdurun-woods took in charge ;
NUMB GAN carakam$NUMB aš-c- , ‘field’ : Šara-kam ,
tir kisura adab idab$the Kisura-of-Adab-woods took in charge ;
NUMB GAN bansa$NUMB aš-c- , ‘field’ : Bansa ,
NUMB ursukkal dumuni$NUMB diš- : Ur-sukkal , his son ,
tir zabala idab$the Zabala-woods took in charge ;
ugula ceckala$foreman : Šeškalla ;
NUMB GAN ug urgigir$NUMB aš-c- , ‘field’ , porter : Ur-gigir ,
tir i gala idab$the Big-waterway-woods took in charge ;
cu urcara dumu ARAD$old : Ur-Šara , son of ARAD ,
NUMB GAN luhegal$NUMB aš-c- , ‘field’ : Lu-ḫegal ,
NUMB halamami$NUMB aš- : Ḫala-Mami ,
uc ludingira$dead : Lu-dingira ,
NUMB lugalnesage$NUMB diš- : Lugal-nesage ,
dumunime$—they are his sons— ,
tir garcanaka idab$the Garšana-woods took in charge ;
NUMB GAN urcara dumu idia$NUMB aš-c- , ‘field’ : Ur-Šara , son of Idi’a ,
tir eringarcanaka idab$the troops-of-Garšana-woods took in charge ;
NUMB GAN ug luga$NUMB aš-c- , ‘field’ , porter : Luga ,
NUMB GAN urdumuzida dumu urmes$NUMB aš-c- , ‘field’ : Ur-Dumuzida , son of Ur-mes ,
tir canintina idab$the Midst-of-Nintina-woods took in charge ;
NUMB GAN cakusig$NUMB aš-c- , ‘field’ : Šakusig ,
NUMB urnigar$NUMB aš- : Ur-nigar ,
NUMB luebgal$NUMB diš- : Lu-ebgal ,
dumunime$—they are his sons— ,
tir gabarigarcanaka idab$the Copy-of-Garšana-woods took in charge ;
tir macukudiri gu i namhani idab$the Extra-prebend-boat-woods , bank of the Namḫani-waterway , took in charge ;
NUMB GAN bansa$NUMB aš-c- , ‘field’ : Bansa ,
NUMB ARADcara dumuni$NUMB diš- : ARAD-Šara , his son ,
dumu handa nukiri$son of Ḫanda , the orchardman ,
tir ukunuti gu i culgihegal idab$the Ukunuti-woods , bank of the Šulgi-ḫegal-waterway , took in charge ;
NUMB GAN abagina dumu urnigar dumu da$NUMB aš-c- , ‘field’ : Abba-gina , son of Ur-nigar , son of Dayya ,
ime taka$remainder of the preceding year ,
tir iribura idab$the Bura-town-woods took in charge ;
NUMB GAN lalmes$NUMB aš-c- , ‘field’ : Lal-mes ,
tir aduganigin idab$the Aduganigin-woods took in charge ;
NUMB GAN abudu$NUMB aš-c- , ‘field’ : Abu-ṭab ,
tir garsuda idab$the Garsuda-woods took in charge ;
NUMB GAN lugaldaga$NUMB aš-c- , ‘field’ : Lugal-daga ,
uc amaki pa urnigar$dead : Ama-ki , oldest brother of Ur-nigar ,
dumu urictaran$son of Ur-Ištaran ,
tir GANmac idab$the GANmaš-woods took in charge ;
ugula urcara$foreman : Ur-Šara ;
cunigin NUMB GAN guruc ugula$total : NUMB aš-c- , ‘field’ corporate slaves , foremen ;
cunigin n dumunita diri$total : NUMB extra male child ;
cunigin NUMB dumunita$total : NUMB diš- male child ;
cunigin NUMB guruc cugi$total : NUMB diš-corporate slave , old one ;
ugula idab$the foreman took in charge ;
cunigin NUMB GAN guruc$total : NUMB aš-c- , ‘field’ , corporate slaves ;
cunigin NUMB guruc nudab$total : NUMB aš-c- , corporate slave , not took in charge ;
cunigin NUMB dumunita$total : NUMB aš- , male children ;
cunigin NUMB dumunita$total : NUMB diš- , male children ;
cunigin NUMB guruc cugi$total : NUMB diš- , corporate slaves , old ones ;
cunigin NUMB guruc zah$total : NUMB aš- , corporate slave , flown ;
cunigin NUMB guruc nudab$total : NUMB aš- , corporate slave , not took in charge ;
cunigin NUMB dumunita nudab$total : NUMB diš- , male children , not passed by ;
cunigin NUMB GAN ug guruc$total : NUMB aš-c- , ‘field’ , porters , corporate slaves ;
cunigin NUMB ug guruc NUMB sila ce NUMB mana sikita$total : NUMB aš- , porter , corporate slave at NUMB barig NUMB ban2 NUMB sila3 barley NUMB mana wool each ;
cunigin NUMB dumunita$total : NUMB diš- , male children ;
ugILme$—they are porters— ;
cebi NUMB sila$their barley : NUMB barig NUMB ban2 NUMB sila3 ,
itida bedam$to be distributed monthly ;
sikibi NUMB mana$their wool NUMB mana ,
mua bedam$to be distributed yearly ;
gurum ak erin daba lu tira$inspection of the troops passed by as foresters
akala ensi umma$Ayakalla , ensi of Umma ;
giri catakuzu sukkal$via Šata-kuzu , the sukkal ,
luinanna sukkal$Lu-Inanna , the sukkal ,
u lunanna dumu inimcara$and Lu-Nanna , son of Inim-Šara ;
iti ezemdumuzi$month : “ Dumuzi festival , ”
mu enuneamarsuenrakiag en eridu bahun$Year : “ Ennune-Amar-Suenra-ki’ag as priest of Eridu was installed . ”
NUMB ninda gid NUMB kuc dagal NUMB kuc bur$NUMB ninda the length , NUMB cubits the width , NUMB cubits the depth ,
acabi NUMB sar NUMB gin$its volume : NUMB sar NUMB shekels ;
NUMB ninda NUMB kuc gid NUMB kuc dagal NUMB kuc bur$NUMB ninda NUMB cubits the length , NUMB cubits the width , NUMB cubits the depth ,
acabi NUMB sar la NUMB gin$its volume : NUMB sar less NUMB shekel ;
NUMB ninda gid NUMB kuc dagal NUMB kuc bur$NUMB ninda the length , NUMB cubits the width , NUMB cubits the depth ,
acabi NUMB sar NUMB gin$its volume : NUMB sar NUMB shekels ;
NUMB ninda gid NUMB kuc dagal NUMB kuc bur$NUMB ninda the length , NUMB cubits the width , NUMB cubit the depth ,
acabi NUMB sar$its volume : NUMB sar ;
NUMB ninda NUMB kuc gid NUMB kuc dagal NUMB kuc bur$NUMB ninda NUMB cubits the length , NUMB cubits the width , NUMB cubits the depth ,
acabi NUMB sar$its volume : NUMB sar ;
NUMB ninda NUMB kuc gid NUMB kuc dagal NUMB kuc bur$NUMB ninda NUMB cubit the length , NUMB cubits the width , NUMB cubits the depth ,
acabi NUMB gin$its volume : NUMB shekels ;
NUMB ninda gid NUMB kuc dagal NUMB kuc bur$NUMB ninda the length , NUMB cubits the width , NUMB cubits the depth ,
acabi NUMB gin$its volume : NUMB shekels ;
NUMB ninda gid NUMB kuc dagal NUMB kuc bur$NUMB ninda the length , NUMB cubits the width , NUMB cubits the depth ;
acabi NUMB gin$its volume : NUMB shekels ;
NUMB ninda NUMB kuc gid nuak$NUMB ninda NUMB cubits the length ;  unfinished ;
NUMB ninda NUMB kuc gid NUMB kuc dagal NUMB kuc bur$NUMB ninda NUMB cubit the length , NUMB cubits the width , NUMB cubits the depth ;
acabi NUMB sar NUMB gin$its volume NUMB sar NUMB shekels ;
NUMB gin DUBla$NUMB shekels DUBla ;
cunigin NUMB sar NUMB gin kin sahar$total : NUMB sar NUMB shekel earthwork .
imdua e niglagarka$pisé walls for the household of Nig-lagar .
NUMB guruc u NUMBce$NUMB laborer days ,
kisu aca manu$at the threshing floor of the field Willow stationed ;
ugula urmes$foreman : Ur-mes ,
kicib lugalemahe$under seal of Lugal-emaḫe ;
giri tugac$via Tugaš ;
mu en eridu bahun$year : “ The high-priest of Eridu was installed . ”
lugalemahe$Lugal-emaḫe ,
dubsar$scribe ,
dumu lugalkugani$son of Lugal-kugani .
NUMB udu niga$NUMB grain-fed ram
guza ena$the throne of the high-priestess ,
giri nursuen sagi$via Nur-Suen , the “ cup-bearer , ”
babancen mackim$Babanšen the responsible official ;
iti u NUMB bazal$of the month NUMB days elapsed ;
ki culgiamuta bazi$from  Šulgi-ayamu booked out ;
iti macdagu$month : “ Gazelle feast , ”
mu cacru bahul$year : “ Šašru was destroyed ; ”
NUMB$NUMB .
pisanduba$Basket-of-tablets
gurumak$inspections
sipa unu$of shepherds and cowherds
kinunir$of Kinunir ,
nigin$Nigin ,
guaba$Guabba ,
X X X$…
X$…
u sagapin e ninhursag$and the head-plowmen of the house of Ninḫursag ,
igal$are here ;
mu harci kimac bahul$year : “ Ḫarši , Kimaš were destroyed . ” NUMB
cusuen$Šū-Suen ,
lugal kalga$strong king ,
lugal urima$king of Ur ,
lugal an ubda limmuba$king of the four corners
gududu$Gududu ,
dubsar$scribe ,
ARADzu$is your servant .
pisanduba$Basket-of-tablets
nigkak X gec X X$xxx
a mac X$xxx
mu X X X$xxx
mu NUMB iti NUMB X$xxx
caba iti diri NUMBam$xxx
pisanduba$Basket-of-tablets
aca gida$xxx
giri urnigar sadu lugal$xxx
mu guza enlila badim$xxx
cusuen$Šū-Suen ,
lugal kalga$strong king ,
lugal urima$king of Ur ,
lugal an ubda limmuba$king of the four corners
enancekiag$En-Nanše-kiag ,
dumu X$son of …
X$… .
pisanduba$Basket-of-tablets
nigkak$accounts
abamu$of Abbamu ,
giri atu$via Atu ,
pisanduba$Basket-of-tablets
tagtaga udu gukkalka zusika$xxx
girsuta$xxx
guabace$xxx
igal$xxx
mu huhunuri bahul$xxx
pisanduba$Basket-of-tablets
nigkak a buru a ente$accounts of labor of harvest and labor of wintertime ,
cabrane$of the chief household administrators ,
igal$are here ;
mu en nanna karzida bahun$year : “ The en- of Nanna of Karzida was hired . ”
cusuen$Šū-Suen ,
lugal kalga$strong king ,
lugal urima$king of Ur ,
lugal an ubda limmuba$king of the four corners
lunincubur$Lu-Ninšubur ,
dubsar$scribe ,
dumu idisuen$son of Idī-Suen ,
ARADzu$is your servant .
pisanduba$Basket-of-tablets
dub gida$long-tablets
damgarne$of the exchange agents
igal$are here ;
mu$year : “ … . ”
pisanduba$Basket-of-tablets
erin girsu$xxx
cusuen$Šū-Suen ,
lugal kalga$strong king ,
lugal urima$king of Ur ,
lugal an ubda limmuba$king of the four corners
ARADnanna$ARAD-Nanna ,
dumu X$son of Ilī-… ,
sagi ARADzu$cupbearer , is your servant .
pisanduba$Basket-of-tablets
nigkak$accounts
mu NUMB$NUMB years ,
ceba gu i nigindu$barley rations of the bank of the waterway Nigin-du ,
igal$are here ;
mu enmahgalana$year : “ Enmaḫgalana . ”
pisanduba$Basket-of-tablets
nigkak$xxx
ARAD kaguru$xxx
mu NUMBkam$xxx
igal$xxx
mu en nanna mace ipata$xxx
mu kimac bahulce$xxx
NUMB sa gizi$NUMB bundles of good reed
guniginba NUMBta$in bales of NUMB bundles each ,
ki lugalmumanagta$from Lugalmu-manag ,
kicib alulu$sealed tablet of Alulu .
iti cekaragala$Month : “ barley brought to the docks , ”
mu en eridu bahun$year : “ priest of Eridu is installed . ”
alulu$Alulu ,
dumu inimcara$son of Inim-Šara ,
kurucda caraka$fattener of Šara .
NUMB sila kac saga NUMB sila ninda NUMB gin cum NUMB gin i NUMB gin naga $NUMB sila3 fine beer , NUMB sila3 bread , NUMB shekels onions , NUMB shekels oil , NUMB shekels alkali-plant ,
X $for …
NUMB sila kac saga NUMB sila ninda NUMB gin cum NUMB gin i NUMB gin naga $NUMB sila3 fine beer , NUMB sila3 bread , NUMB shekels onions , NUMB shekels oil , NUMB shekels alkali-plant ,
X $for Utu-… ;
NUMB sila kac saga NUMB sila ninda NUMB gin cum NUMB gin i NUMB gin naga $NUMB sila3 fine beer , NUMB sila3 bread , NUMB shekels onions , NUMB shekels oil , NUMB shekels alkali-plant ,
luduga $for Lu-duga ;
NUMB kac NUMB sila ninda NUMB gin cum NUMB gin i NUMB gin naga $NUMB sila3 beer , NUMB sila3 bread , NUMB shekels onions , NUMB shekels oil , NUMB shekels alkali-plant ,
X $for …
NUMB sila kac NUMB sila ninda NUMB gin cum NUMB gin i NUMB gin  $NUMB sila3 beer , NUMB sila3 bread , NUMB shekels onions , NUMB shekels oil , NUMB shekels alkali-plant ,
X $for Lu-… ;
NUMB sila kac NUMB sila ninda NUMB gin cum NUMB gin i NUMB gin naga $NUMB sila3 beer , NUMB sila3 bread , NUMB shekels onions , NUMB shekels oil , NUMB shekels alkali-plant ,
s,alia $for Ṣallīya ;
NUMB sila kac NUMB sila ninda NUMB gin cum NUMB gin i NUMB gin naga $NUMB sila3 beer , NUMB sila3 bread , NUMB shekels onions , NUMB shekels oil , NUMB shekels alkali-plant ,
urbaba $for Ur-Baba ;
NUMB sila kac NUMB sila ninda NUMB gin cum NUMB gin i NUMB gin naga $NUMB sila3 beer , NUMB sila3 bread , NUMB shekels onions , NUMB shekels oil , NUMB shekels alkali-plant ,
hulania $for Ḫullāniya ;
NUMB sila kac NUMB sila ninda NUMB gin cum NUMB gin i NUMB gin naga $NUMB sila3 beer , NUMB sila3 bread , NUMB shekels onions , NUMB shekels oil , NUMB shekels alkali-plant ,
hablulu $for Ḫāblulu ;
NUMB sila kac NUMB sila ninda NUMB gin cum NUMB gin i NUMB gin naga $NUMB sila3 beer , NUMB sila3 bread , NUMB shekels onions , NUMB shekels oil , NUMB shekels alkali-plant ,
suhucgi $for Suḫušgi ;
NUMB sila kac NUMB sila ninda NUMB gin cum NUMB gin i NUMB gin naga $NUMB sila3 beer , NUMB sila3 bread , NUMB shekels onions , NUMB shekels oil , NUMB shekels alkali-plant ,
cuinanna $for Šū-Inanna ;
NUMB sila kac NUMB sila ninda NUMB gin cum NUMB gin i NUMB gin naga $NUMB sila3 beer , NUMB sila3 bread , NUMB shekels onions , NUMB shekels oil , NUMB shekels alkali-plant ,
camu $for Šamu ;
cunigin NUMB sila kac saga cunigin NUMB sila kac du $total : NUMB ban2 NUMB sila3 fine beer ; total : NUMB ban2 NUMB sila3 common beer ;
cunigin NUMB sila ninda cunigin NUMB sila cum $total : NUMB ban2 NUMB sila3 bread ; total : NUMB sila3 onions ;
cunigin NUMB sila NUMB gin i cunigin NUMB sila NUMB gin naga $total : NUMB sila3 NUMB shekels oil ; total : NUMB sila3 NUMB shekels alkali-plant ;
u NUMBkam $ordNUMB day ,
iti lisi $month : “ Lisi , ”
mu simanum bahul X $year : “ Simanum was destroyed . ”
pisanduba$Basket-of-tablets
niginba$grand totals
guapin guba$of plow-oxen , stationed ,
u cabrane$and chief household administrators ,
igal$are here ;
mu$year : “ … . ”
NUMB masab NUMBta$NUMB masab-baskets at NUMB ban each ,
nurma bansi$filled ? with pomegranates
tumalce$to Tummal ,
giri laqipu candana$via Laqipu , the š . ;
ziga$booked out ;
iti nigenlila$month : “ that of Enlil , ”
mu en enki bahun$year : “ the lord of Enki was hired . ”
n n  sila NUMB gin ce gur X$NUMB gur NUMB sila3 NUMB shekels barley … ,
a lu hunga acaga$wages of the hirelings of the field … ;
n NUMB gur a lu hunga X$NUMB  NUMB gur NUMB barig wages of the hirelings … ,
laia nigkak$deficit of the account
ARADdingira$of ARAD-dingira ;
atu dumu lugalsagake$Atu , son of Lugal-saga
susudam$must replace it ;
mu X$year : “ … . ”
atu dubsar$Atu , scribe ,
dumu lugalsaga$son of Lugal-saga .
NUMB gu$NUMB oxen ,
NUMB ab$NUMB cows ,
NUMB dusunita$NUMB male equids ,
NUMB dusumunus$NUMB female equids ,
cugi$old ,
ki cuidimta$from Šu-Idim ,
muku$delivery ;
iti ezemninazu$month : “ Festival of Ninazu , ”
mu simurum u lulubu ara NUMB la NUMBkam bahul$year : “ Simurum and Lulubu for the ordNUMB time were destroyed . ”
pisanduba$Basket-of-tablets
nigkak$accounts ,
cenumun$seed grain
u GAN urua niginbabi$and fields in plow , their grand totals
igal$are here ;
mu en inanna mace ipa$year : “ The en- of Inanna by the goat was found . ”
NUMB udu niga barana$NUMB sheep , barley-fed , for the dais of An ,
NUMB udu niga NUMBkam us NUMB udu niga NUMBkam us$NUMB sheep , barley-fed , of ordNUMB grade , NUMB sheep , barley-fed , of ordNUMB grade
nanna$for Nanna ;
NUMB macgal niga NUMBkam us dublamah$NUMB buck , barley-fed , of ordNUMB grade for Dublamaḫ ,
uzuabala$… ;
NUMB udu niga NUMB macgal niga gueusa$NUMB sheep , barley-fed , NUMB bucks , barley-fed , “ following oxen , ”
ezemana$“ Festival of An ” ;
NUMB udu niga NUMBkam us dur$NUMB sheep , barley-fed , of ordNUMB grade , for “ Mound of the Roof ; ”
NUMB udu niga NUMBkam us NUMB udu niga nkam us$NUMB sheep , barley-fed , of ordNUMB grade , NUMB sheep , barley-fed , of …th grade ,
nungal$for Nungal ;
NUMB udu niga dublamah$NUMB sheep , barley-fed , for Dublamaḫ ;
NUMB udu niga gueusa ANdur$NUMB sheep , barley-fed , “ following oxen , ” for ANdur ;
NUMB udu niga X culgi TUR X$NUMB sheep , barley-fed , … , for Šulgi … ;
n X dandanda$NUMB … , for Dandanda ;
n X ningal X$NUMB … , for Ningal … ;
n gueusa ninuri$NUMB  “ following oxen , ” for Ninuri ;
n X X$NUMB … Šu-Suen-ki’ag … ;
n X X$NUMB … , for … ;
X$…
X$…
NUMB udu niga X$NUMB sheep , barley-fed , for …-kalla ;
NUMB udu niga X ninkununa$NUMB sheep , barley-fed , … for Ninkununa ;
NUMB udu niga NUMBkam us gula$NUMB sheep , barley-fed , of ordNUMB grade , for Gula ;
NUMB udu niga NUMB sila ninegal$NUMB sheep , barley-fed , NUMB lamb , for Nin-egal ;
giri suenabucu sagi$via Suen-abušu , cup-bearer ,
u NUMBkam$the ordNUMB day ,
ki abaenlilginta bazi$booked out from Aba-Enlilgin ,
ca urima$in Ur ,
giri urculgira carabdu$via Ur-Šulgi , šarabdu ;
iti ubigu$month : “ Ubi feast , ”
mu cusuen lugal urimake naruamah enlil ninlilra munedu$year : “ Šu-Suen , king of Ur , the grand-stele for Enlil  Ninlil erected ; ”
NUMB$NUMB .
NUMB ud adara$NUMB adara-nanny ,
bauc$slaughtered ,
u NUMBkam$on the ordNUMB day ,
ki ludingira$from Ludingira
culgirimu$Šulgi-irimu
cu bati$received ;
iti ezemninazu$month : “ Festival of Ninazu , ”
mu cacru bahul$year : “ Šašru was destroyed . ”
NUMB sig$NUMB bricks
catili$by Šat-ilī ;
NUMB$NUMB ,
namNUMB lalkuda$10- of Lalkuda ;
NUMB lahutum$NUMB bricks by Lahutum ;
NUMB$NUMB bricks ,
namNUMB ahuni$10- of Ahuni ;
cunigin NUMB sar NUMB gin igiNUMBgal sig$total : NUMB -sar NUMB shekels bricks ,
usbi NUMB ninda$the length involved : NUMB ninda ,
a NUMBta$at labor of NUMB ,
gemebi NUMB gin u NUMBce$the female laborers involved : NUMB and NUMB shekels workdays ,
ce NUMB silata bahun$at NUMB sila3 per  hired ,
cebi NUMB sila NUMB gin$the barley involved : NUMB sila3 NUMB shekels ,
a sig gaga$labor of carrying bricks ,
ekibagara picahdingir$the replacement house of Pišah-ilim ,
muku mea$delivery of Simat-Ea ,
giri ickurtillat$via Adad-tillatī ;
iti ezemekigal$month : “ Festival of Mekigal , ”
mu cusuen lugale naruamah enlil ninlilra munedu$year : “ Su-Suen , the king , Great-stele for Enlil and Ninlil erected . ”
nindara$For Nindara ,
lugal uru$the powerful king ,
X X$…
lugalani$his master ,
namti$for the life
culgi$of Šulgi ,
nita kalga$the mighty man ,
lugal urima$king of Ur
lugal kiengi kiurikace$and king of Sumer and Akkad ,
culgikiursakalamaka$Šulgi-ki'ursa-kalama
lu tagani$his person in charge of sacrifices ,
alanani$a statue of him
mudu$he created .
alana$The statue
culgi$Šulgi ,
a cuma$Given Strength
nindara$by Nindara ,
zicagal irina$The Inspiration of His City ,
mubi$is its name .
X X X$…
X za X X X$…
KA bura$the opening of the bowl ,
ki anaka aba cu tum$dealing with the cows in the Place of An .
u ezemaka$On the day of the festival
e ninmarka$in the temple of Ninmar ,
sag kisala daba$when the first  are taken into the courtyard
NUMB dug dida$NUMB jugs of sweet-wort ,
NUMB dug kac$NUMB jugs of beer ,
NUMB zi lugal$NUMB barig and NUMB ban2 of royal flour ,
NUMB gada gadul$NUMB linen cover
NUMB gada guza$and NUMB linen  for the throne ,
dardu erin u gabra erin$cedar sprouts and cedar 'herders' ,
NUMB mana ara NUMBam$NUMB times NUMB minas of them ,
NUMB la NUMB ku aldara$NUMB split fish ,
NUMB mun gur lugal$NUMB royal gur of salt ,
NUMB naga gur$NUMB gur of soda ,
dug sila |IGI×X|$quart jugs of … ,
NUMB ku X$NUMB silver … ,
X$…
ku aba$fish of the sea ,
har X$silver rings ,
NUMB dug X X$NUMB jug of … oil ,
nigba gacamkam$were the gifts of the artisans .
girsu ce ilaka$In Girsu , in the <month> of barley transporting ,
ma cu dua$a properly equipped boat
guabata dudam$which is to be caulked  from Gu'abba ,
namlubeluda$the office of the 'master of ceremonies'
eta izi la$the one who bears fire from the temple
gacamkam$belong to the artians .
bala u NUMB$A term of ten days
u igiNUMBgal$and a one-third
e kiesaga$in the temple of Ki-es ,
e girsuka igiNUMBgal$one-third in the temple of Girsu ,
ma ec ge zal$that when the boat spends the night at the shrine
u ma kare tagdabi$and when the boat lands at the quay ;
nigba NUMBbi$an allotment of NUMB of that
ma niginbarce deabi$for when the boat is taken to the outer district ,
nigdabi lu nudatuku$these requisitions were owed to no person .
ur gu udu egal esag$Legs of beef and mutton of the palace and the grain-stores
u bara ningirsuka$and the dais of Ningirsu ,
namcita$the office of the šita-priest ,
kislah cuku agubi$with its uncultivated land , subsistance plots , holy water ,
esag udu egal$the grain-store of the palace sheep ,
ur udu ama siki$legs of wool-bearing mother sheep ,
NUMB sila inun$NUMB quarts of ghee ,
NUMB zulum lugal$NUMB barig of royal dates ,
n NUMB gar$NUMB plus NUMB ban2 of cheese
NUMB ga$NUMB ban2 of milk ,
NUMB sila gectin$NUMB quarts of wine ,
n pec cergu$NUMB strings of figs ,
NUMB hachur cergu$NUMB strings of apples ,
ninda kaskal guabace$food for the jourey to Gu'abba ,
nigdab gacamkam$are the requisitions of the artisans .
aca ambar tur$The field Little Marsh ,
aca kimura$the field Kimura ,
aca gecgi tur$the field Little Canebrake ,
aca agectina$Vinegar Field ,
aca X$the field … ,
girigena gacamkam$of the artisans .
udu e lah$The sheep come from the temple ,
mac inima$and the goats of the word ,
nigdab gacamkam$are the requisitions of the artisans .
u uliace$Forever ,
lu gec udun inacumda$for the one who will put wood into the oven for him ,
luba lammani heme$may I be that man's guardian angel .
mumu hepade$May he invoke my name
enmu hetare$and tend to me .
NUMB amar az$NUMB bear cub
ursuen dumulugal$Ur-Suen , the king’s son
muku$delivery ;
iti ezemana$month : “ Festival of An , ”
mu simurum u lulubu ara NUMB la NUMBkamac bahul$year : “ Simurrum and Lullubu for the ordNUMB time was destroyed , ”
u NUMBkam$ordNUMB day .
pisanduba$Basket-of-tablets
mu NUMB ceba$NUMB years of rations ,
girisega ugnim$personnel of Ugnim
igal$are here ;
mu kimac$year : “ Kimaš . ”
pisanduba$Basket-of-tablets
nigkak urgigir cabra$xxx
mu NUMBkam$xxx
igal$xxx
mu enunugal$xxx
u mu cacru$xxx
culgi$Šulgi ,
danum$the mighty ,
X uri$king of Ur
u X$and king
kibratim$of the world quarters
arbaim$the four ,
X$builder
emeslam$of the Emeslam ,
X nerigal$the temple of Nergal
belicu$his lord
in gudua$in Kutha .
NUMB udu$NUMB sheep ,
NUMB macgal$NUMB buck ,
NUMB ud$NUMB nanny goat ,
bauc u NUMBkam$slaughtered , the ordNUMB day ,
ki naluta$from Nalu
urnigar$Ur-nigar
cu bati$received ;
iti macdagu$month : “ Gazelle feast , ”
mu usa kimac u hurti bahul$year after : “ Kimaš and Ḫurti were destroyed . ”
inanna$For Inanna ,
nin me$the queen of battle ,
dam kiaganir$his beloved spouse ,
amarsuen$Amar-Suena ,
enlile$whom Enlil
nibrua$in Nippur
mu pada$chose by name ,
sagus$the constant supporter
e enlilka$of the temple of Enlil ,
lugal kalga$the mighty king ,
lugal urima$king of Ur
lugal an ubda limmubake$and king of the four world quarters ,
argibilu zabar$her bronze argibil-structure
e geparakani$of the Gipar temple
munandim$he fashioned for her ,
namtilanice$and for his life
a munaru$he dedicated it to her .
pisanduba$Basket-of-tablets
girisega$xxx
sipa gu NUMBce$xxx
hala$xxx
ca hurim$xxx
pisanduba$Basket-of-tablets
kicib lu nigdab ensikane$xxx
nudub$xxx
ingal$xxx
pisanduba$Basket-of-tablets
nigkak ce cukura$accounts ,  barley of distribution ,
engar dumugugur$plowmen , young oxen turners , of
abamu u urlamma$Abbamu an Ur-Lamma ,
igal$are here ;
mu en inanna mace ipa$year : “ The en- of Inanna by goat was found . ”
urnamma$Ur-Namma ,
lugal urima$king of Ur ,
lu e ninsun$the person who the temple of Ninsun
indua$built .
pisanduba$Basket-of-tablets
udu emegi aba$xxx
ca girsu$xxx
u udu udua gara$xxx
igal$xxx
mu en inanna unu mace ipa$xxx
