X X ||| For the goddess DN ,
ninanir ||| her mistress ,
daramuriam ||| Tarām-Uram ,
dumumunus apilkin ||| daughter of Apil-kīn
lugal marika ||| the king of Mari ,
egia ||| bride
urnamma ||| of Ur-Namma ,
lugal urima ||| king of Ur ,
cusuen ||| Šū-Suen ,
lugal kalga ||| strong king ,
lugal urima ||| king of Ur ,
lugal an ubda limmubake ||| king of the four corners
cusuenanasuentakil ||| to Šu-Sin-ana-Sin-takil ,
ARADdanir ||| his servant ,
inaba ||| he gifted .
pisanduba ||| Basket-of-tablets
diriba gu apina ||| xxx
mu huhunuri bahul ||| xxx
mu en eridu bahun ||| xxx
u ||| xxx
mu en nanna karzida bahun ||| xxx
mu 3am ||| xxx
3 ab ||| 3 cows ,
3 u ||| 3 ewes ,
3 udu ||| 3 sheep ,
3 ud ||| 3 female goats ,
3 macda ||| 3 gazelles ,
silata ede ||| from the “ street ” to be sent out ;
kicib lu didline ||| under seal of various men ,
urnigar ||| Ur-nigar
cu bati ||| received ;
iti ezemninazu ||| month : “ Festival of Ninazu , ”
mu en nanna mace ipa ||| year : “ The en-priestess of Nanna by means of extispicy was chosen . ”
pisanduba ||| Basket-of-tablets
dub gida ||| long-tablets of
urmes dumu urnig ||| Ur-mes , son of Ur-nig ,
ca nigin ||| in Nigin ,
igal ||| are here ;
mu harci bahul ||| year : “ Harši was destroyed ”
3 ug luickur ||| 3  porter : Lu-Iškur ,
3 cecani ||| 3 : Šešani ,
3 namzi ||| 3 : namzi ,
3 guzzani ||| 3 : Guzzani ,
anzagar urdumuzida ||| at the tower of Ur-Dumuzida
3 lugalkuzu ||| 3 : Lugal-kuzu ,
3 ceckala dumu KAdu ||| 3 : Šeškalla , son of KAdu .
dumugimec ||| they are dumugi .
3 guruc ||| 3 workmen ,
ugula adumu ||| foreman : Adumu .
3 X ||| 3 : x-ki ,
anzagar kucara ||| at the tower of Ku-Šara .
3 lurcara ||| 3 : Lu-Ur-Šara ,
3 cecani ||| 3 : Šešani ,
ugILmec ||| they are porters .
3 inimanizi ||| 3 : Inimanizi ,
3 namah ||| 3 : Nammah ,
3 alu ||| 3 : Alu ,
3 bazaza ||| 3 : Bazaza ,
dumugimec ||| they are dumugi .
3 guruc ||| 3 workmen ,
ugula luenlila ||| foreman : Lu-Enlila .
cunigin 3 guruc ||| Together : 3 workmen ,
iti cunumunata u 3am barazalata ||| from month “ Sowing , ” from day 3 passed ,
gizi SIGeda guba ||| stationed for harvesting fodder-reed ,
mu en inanna mace ipa ||| year : “ The priest of Inanna by the goat was found . ”
3 guruc  u 3ce kar ummata ||| 3 male laborer for 3 workdays , from Umma-harbor
irisarigce ma gida ||| to Irisagrig barge punted ,
u 3ce ce bala u ce ma siga ||| for 3 workday barley transferred and barley in the barge loaded ,
irisarigta ||| from Irisagrig
u 3ce kunzida kiri gectince ma gida ||| two workdays to reservoir of Vineyard barge punted ,
u 3ce eduru uriruaka ce bala ||| for 3 workday at Uriru-village barley transferred ,
u 3ce eduru cec duata kunzida i amarsuenitumce ||| for 3 workdays from Uriru-village to reservoir of Amar-Suenītum canal
ce gaga ||| barley carried ,
kunzida i amarsuenitumta ||| from reservoir of Amar-Suenītum canal
u 3ce irisarigce ||| for 3 workdays to Irisagrig
ma gida u bala ak ||| barge punted and transfer done ;
u 3ce irisarigta ||| for 3 workdays from Irisagrig
ka damimamace ma gida ||| to mouth of Damimama barge punted ,
u 3ce ummace ma diriga ||| for 3 workdays to Umma barge floated ,
u 3ce ma bala ||| for 3 workday barge unloaded ;
u 3ce ce bala ||| for 3 workday barley transferred ;
ugula lugalemahe ||| foreman : Lugal-Emaḫe ,
kicib adumu ||| under seal of Adumu ;
mu ma enki babdu ||| year : “ The boat of Enki was caulked . ”
ursuen ||| Ur-Suen ,
dubsar ||| scribe ,
dumu urgigir ||| son of Ur-gigir ,
catam ||| official .
ibisuen ||| Ibbi-Suen ,
lugal kalga ||| strong king ,
lugal urima ||| king of Ur ,
lugal an ubda limmuba ||| king of the four corners
gududu ||| Gududu ,
dubsar ||| scribe ,
dumu dadaga ||| son of Dadaga
ensi ||| governor
umma ||| of Umma ,
ARADzu ||| is your servant .
3 zi sig lugal ||| 3 ban2 , groats , royal ,
3 sa gi ninda gura ||| 3 bundles reed , fatbreads ,
3 sa manu ||| 3 bundles poplar ,
3 burzi NENEsice ||| 3 … ,
3 dabin ||| 3 ban2 flour ,
3 sila eca dubdubde ||| 3 sila3 eša … ,
3 kac dida du ||| 3 barig beer , dida , regular ,
3 kac du ||| 3 ban2 beer , regular ,
giranumce ||| for the wailing ceremony ;
urlisi mackim ||| Ur-Lisa , enforcer ;
3 zi sig ||| 3 ban2 groats ,
3 sa gi ninda gura ||| 3 bundles reed , fatbreads ,
3 sa manu ||| 3 bundles poplar ,
3 burzi NENEsice ||| 3 … ,
3 dabin ||| 3 barig flour ,
3 sila eca dubdubde ||| 3 sila3 eša … ,
3 kac dida du ||| 3 barig beer , dida , regular ,
siskur kiri inanna ||| offering of the garden of Inanna ;
culgizimu mackim ||| Šulgi-zimu , enforcer ;
3 zi sig ||| 3 ban2 groats ,
3 sa gi ninda gura ||| 3 bundles reed , fatbreads ,
3 sa manu ||| 3 bundles poplar ,
3 burzi NENEsice ||| 3 … ,
3 dabin ||| 3 barig flour ,
3 sila eca dubdubde ||| 3 sila3 eša … ,
3 kac dida du ||| 3 barig beer , dida , regular ,
siskur ca egal ||| offering in the palace ;
ereb mackim ||| Erreb , enforcer ;
3 zi sig ||| 3 ban2 groats ,
3 sa gi ninda gura ||| 3 bundles reed , fatbreads ,
3 dabin ||| 3 barig flour ,
3 sila eca dubdubde ||| 3 sila3 eša … ,
3 kac dida du ||| 3 barig beer , dida , regular ,
3 kac du ||| 3 ban2 beer , regular ,
giranumce ||| for the wailing ceremony ;
3 sila zi sig ||| 3 ban2 3 sila3 groats ,
3 sila zulum ||| 3 sila3 dates ,
3 gin igec ||| 3 shekels , plant oil ,
3 sa gi gugce ||| 3 bundles reed , for cakes ,
3 sa manu ||| 3 bundles poplar ,
3 burzi NENEsice ||| 3 … ,
3 dabin ||| 3 barig flour ,
3 sila eca dubdubde ||| 3 sila3 eša … ,
3 kac dida du ||| 3 barig beer , regular ,
3 sila ce sa gugalgal ||| 3 sila3 barley , … chickpeas ,
3 sila ce sa guturtur ||| 3 sila3 barley ,  … lentils ,
3 sila ce sa gig ||| 3 sila3 barley … ,
3 sila ce sa imgaga ||| 3 sila3 barley … ,
3 sila ce sa ce inuha ||| 3 sila3 barley … straw ,
3 sila gugalgal mua ||| 3 sila3 , chickpeas , grown ,
3 sila guturtur mua ||| 3 sila3 lentils , grown ,
3 sila gig mua ||| 3 sila3 wheat , grown ,
3 sila imgaga mua ||| 3 sila3 … grown ,
3 sila ce inuha mua ||| 3 sila3 barley , straw , grown ,
3 sila gugalgal X X ||| 3 sila3 chickpeas , … ,
3 sila guturtur X X ||| 3 sila3 lentils , … ,
3 sila cegeci X ||| 3 sila3 sesame oil , … ,
3 sila cegeci X ||| 3 sila3 sesame oil , … ,
3 sila cegeci X ||| 3 sila3 sesame oil , … ,
ma anace ca X ||| for the boat of An , in … ,
ziga ||| booked out ;
iti ezemana ||| month : “ Festival of An , ”
mu kimac bahul ||| year : “ Kimaš was destroyed . ”
3 gu ||| 3 oxen ,
3 udu ||| 3 sheep ,
3 macgal ||| 3 billy goat , full grown ,
u 3kam ||| 4 day ,
ki abasagata ||| from Abbasaga
zubaga ||| Zubaga
idab ||| accepted ;
iti sesdagu ||| month : “ Piglet-feast , ”
mu en nanna karzida bahun ||| year : “ The priest of Nanna of Karzida was installed ; ”
3 ||| 3 .
nanna ||| To Nanna ,
dumu sag ||| the first-born son
enlila ||| of Enlil ,
X X ||| …
lugal urimake ||| the king of Ur ,
ekicnugalce ||| for the Ekišnugal temple
a munaru ||| he dedicated  to him .
cusuen ||| Šū-Suen ,
nita kalga ||| strong man ,
lugal urima ||| king of Ur ,
lugal an ubda limmuba ||| king of heaven with its four corners
urdublamah ||| Ur-dublamaḫ ,
agaus lugal ||| great-soldier ,
dumu X ||| son of ARAD-… ,
ARADzu ||| is your servant .
3 gin 3 ce kubabbar ||| 3 shekels , 3 grains of silver ,
situm ||| the remaining ;
3 ku sagkur ||| 3 , 3 “ headed ” fish ,
kubi 3 gin igi3gal 3 ce ||| their silver : 3 shekels , 3 grains ;
3 ku cabar ||| 3 gutted fish , their silver : 3 shekels
kubi 3 gin ||| their silver : 3 shekels
3 gu siki ||| 3 talents of wool ,
kubi 3 mana ||| its silver : 3 mana ;
ca kiciba ||| under seal .
3 ku girus ||| 3 , 3 slit fish ,
kubi 3 gin igi3gal 3 ce ||| their silver : 3 shekels , 3 grains ;
3 ku sagkur ||| 3 , 3 “ headed ” fish ,
kubi 3 gin 3 ce ||| their silver : 3 shekels , 3 grains ;
3 iku ||| 3 barig fish oil ,
kubi 3 gin ||| its silver : 3 shekels ;
3 zulum gur ||| 3 gur of dates ,
kubi 3 mana 3 gin ||| their silver : 3 mana , 3 shekels ;
mu enmahgalana bahun ||| year : “ Enmaḫgalana was installed ” AS 3 .
3 zulum gur ||| 3 gur of dates ,
kubi 3 mana 3 gin ||| their silver : 3 mana , 3 shekels ;
mu enunugal inanna bahun ||| year : “ En-unugal-Inanna was installed ” AS 3 .
3 ummu ||| 3 water skins ,
kubi 3 gin 3 ce ||| their silver : 3 shekel , 3 grains ;
3 esir X ||| 3 pairs ? of leather sandals
kubi 3 gin X ||| their silver : 3 shekel …
3 X ||| 3 …
kubi n ||| their silver : …
3 ce gur kubi 3 mana ||| 3 gur of barley ,
kubi 3 mana ||| its silver : 3 mana ;
ce icahka ||| barley of the lard .
cunigin 3 mana 3 gin 3 ce kubabbar ||| Together : 3 mana , 3 shekels , 3 grains of silver
sagnigurakam ||| are the debit ;
cabita ||| therefrom
3 mana la 3 gin 3 ce kubabbar ||| 3 mana less 3 shekel , 3 grains of silver ,
3 mana uruda ||| 3 mana of copper ,
kubi 3 mana 3 gin ||| their silver : 3 mana , 3 shekels ,
kicib lukala ||| under the seal of Lukalla ;
3 sila icah gur ||| 3 gur , 3 barig , 3 ban2 , 3 sila3 of lard ,
kubi 3 mana 3 gin la 3 ce ||| its silver : 3 mana , 3 shekels less 3 grains ,
kicib urculpae ||| under the seal of Ur-Šulpae ;
3 sila gectin had sadu lugal ||| 3 sila3 of raisins , royal supplement ,
3 sila gectin had giri lugalcala ||| 3 sila3 of raisins via Lugal-šala ,
kubi igi3gal ||| their silver : 3 shekel ;
3 kabkul ||| 3 wooden k-containers ,
kubi 3 gin ||| their silver : 3 shekels ;
kicib agu ||| under the seal of Agu ;
3 gin ku uruda urima ||| 3 shekels of silver for Ur copper ,
giri urlamma u elubizu ||| via Ur-Lamma and Elubizu .
cunigin 3 mana igi3gal 3 ce kubabbar ||| Together : 3 mana , 3 shekel , 3 grains of silver
zigam ||| booked out ;
laia 3 mana 3 gin igi3gal 3 ce kubabbar ||| debit : 3 mana , 3 shekel , 3 grains of silver ;
nigkak ceckala damgar ||| account of Šeškala , the trade agent ;
mu enunugal inanna bahun ||| year : “ En-unugal-Inanna was installed . ”
ninkununa ||| To Ninkununa
ninanir ||| his mistress ,
namti ||| for the life
X ||| of …
3 icah ||| 3 ban2 of lard ,
u amarduta baradua ||| when from … they were released ,
geme babde ||| the female workers brought ;
ki luginata ||| from Lugina
bazi ||| booked out ;
mu harci bahul ||| year : “ Ḫarši was destroyed . ”
3 sila kac 3 sila ninda 3 gin cum  ||| 3 sila3 beer , 3 sila3 bread , 3 shekels onions ,
3 gin i 3 gin naga  ||| 3 shekels oil , 3 shekels alkali-plant ,
X  ||| for …
3 sila kac 3 sila ninda 3 gin   ||| 3 sila3 beer , 3 sila3 bread , 3 shekels onions ,
3 gin i 3 gin naga  ||| 3 shekels oil , 3 shekels alkali-plant ,
luenki  ||| for Lu-Enki ;
3 sila kac 3 sila ninda 3 gin   ||| 3 sila3 beer , 3 sila3 bread , 3 shekels onions ,
3 gin i 3 gin naga  ||| 3 shekels oils , 3 shekels alkali-plant ,
ursaga  ||| for Ur-saga ;
3 sila kac 3 sila ninda 3 gin cum  ||| 3 sila3 beer , 3 sila3 bread , 3 shekels onions ,
3 gin i 3 gin naga  ||| 3 shekels oil , 3 shekels alkali-plant ,
laqip  ||| for Laqīp ;
3 sila kac 3 sila ninda 3 gin   ||| 3 sila3 beer , 3 sila3 bread , 3 shekels onions ,
3 gin i 3 gin naga  ||| 3 shekels oil , 3 shekels alkali-plant ,
urdari  ||| for Ur-dari ;
3 sila kac 3 sila ninda 3 gin   ||| 3 sila3 beer , 3 sila3 bread , 3 shekels onions ,
3 gin i 3 gin naga  ||| 3 shekels oil , 3 shekels alkali-plant ,
aliah  ||| for Ali’aḫ ;
3 sila kac 3 sila ninda 3 gin   ||| 3 sila3 beer , 3 sila3 bread , 3 shekels onions ,
3 gin i 3 gin naga  ||| 3 shekels oil , 3 shekels alkali-plant ,
duili  ||| for Du-ilī ;
cunigin 3 la 3 sila kac 3 sila ninda  ||| total : 3 ban2 less 3 sila3 beer ; 3 ban2 3 sila3 bread ;
3 sila 3 gin cum  ||| 3 sila3 3 shekels onions ;
3 sila 3 gin i  ||| 3 sila3 3 shekel oil ;
3 gin naga  ||| 3 shekels alkali plant ;
X  ||| …
u 3 la 3kam  ||| 4 day ,
iti minec  ||| month : “ mineš . ”
3 udu abul bara utu ||| 3 sheep , city gate , dais of Utu ;
3 udu abul baba ||| 3 sheep , city gate of Baba ;
3 udu abul egal ||| 3 sheep , city gate , palace ;
3 udu abul nance ||| 3 sheep , city gate of Nanše ;
3 udu eunuce ||| 3 sheep , House-of-Uruk ;
3 udu ga magura ningeczida ||| 3 sheep , cabin of the barge of Ningešzida ;
3 udu gudea ||| 3 sheep , Gudea ;
3 udu urlamma ensi ||| 3 sheep , Ur-Lamma , the governor ;
siskur ga guce ||| offering for milk-feeding ;
giri akala luinima ||| via Akalla , man of testimony ;
ziga ki lugalnamah ||| booked out of the place of Lugal-nammaḫ ;
iti ezemdumuzi u 3kam ||| month : “ Festival of Dumuzi , ” day 3 ,
mu magurmah badim ||| year : “ Great-barge was fashioned . ”
X X X hia  ||| Assorted …
namrac  ||| into booty
hadak  ||| I made .
NEC lugal  ||| … the king
X  ||| of … ,
caga  ||| into captivity
henidab  ||| I took ,
cumu barabatae  ||| and I did not let him escape my hand .
lu  hul  ||| A person who the order of a wicked thing
ibciagea  ||| shall issue against it ,
3 kikken adabar saga ||| 3 millstone of high-quality black basalt
lugalitida ||| Lugal-itida
3 kikken adabar ||| 3 millstone of black basalt
akala acgab ||| Akalla , the leatherworker ;
3 kikken ucmu X ||| 3 millstone  Ušmu ,
3 kikken akadani ||| 3 millstone  Akadani ,
3 kikken carazame ||| 3 millstone  Šara-zame ,
ki aduta ||| from Adu ,
kicib urnumucda ||| the sealed tablet of Ur-Numushda .
mu usa cusuen lugale bad martu mudu ||| Year after : “ The king Šu-Suen erected the Amorite wall . ”
pisanduba ||| Basket-of-tablets
nigkak ||| xxx
e egir ||| xxx
X ||| xxx
X ||| xxx
X ||| xxx
X ||| xxx
X cu X X ||| xxx
urnigar X ||| xxx
igal ||| xxx
mu amarsuen lugal urbilum muhul ||| xxx
pisanduba ||| Basket-of-tablets
ab ud daba ||| xxx
girsuta ||| xxx
guabace ||| xxx
igal ||| xxx
mu cacrum ||| xxx
3 amar macdamunus ||| 3 young female gazelle
dada ensi ||| Dada , governor ;
3 sila umu ||| 3 lamb  U’umu ;
3 sila ceckala ||| 3 lamb  Šeshkalla ;
u 3 la 3kam ||| on the 4 day ,
muku ||| delivery ,
intaea ||| Intaea
idab ||| has accepted ,
giri nursuen dubsar ||| via Nur-Suen , scribe ;
iti cesagku ||| month “ Harvest , ”
mu cusuen lugal ||| year : “ Šu-Suen became king . ”
3 udu u ||| 3 grass sheep ? ,
ki culgilita ||| from Šulgi-ili
urkununa ||| did Ur-kununa
idab ||| accept .
iti ezemah ||| Month “ big festival , ”
mu e cara umma badu ||| year : “ the house of Šara in Umma was erected . ”
duga dubsar ||| Duga , scribe ,
dumu luningirsu ||| son of Lu-Ningirsu ,
sipa nagabtum ||| herdsman of the Nakabtum .
cusuen ||| Šū-Suen ,
lugal kalga ||| strong king ,
lugal urima ||| king of Ur ,
lugal an ubda limmuba ||| king of the four corners
luculgi ||| Lu-Šulgi ,
dubsar ||| scribe ,
dumu dada ||| son of Dada ,
ARADzu ||| is your servant .
3 gin kubabbar ||| 3 shekel of silver
ki cunisabata ||| from Šu-Nisaba
ludingira ||| Lu-dingira
cu bati ||| received ;
mu ludingirake ||| Since Lu-dingira
kicib nutukuace ||| did not have a seal ,
kicib duganizi ibra ||| the seal of Duganizi was rolled ;
iti ezemana ||| month : “ Festival of An , ”
mu e cara badu ||| year : “ The house of Šara was erected , ”
duganizi ||| Duganizi ,
dumu urcakkan cuc ||| son of Ur-Šakkan , cattle manager .
3 gin inun gur ||| 3 gur 3 barig 3 ban2 3 shekels butter oil ,
3 sila 3 gin gaUD@g gur ||| 3 gur 3 ban2 3 sila3 3 shekels kašk cheese ,
situm mu amarsuen lugale urbilum muhul ||| debits of the year : “ Amar-Suen , the king , destroyed Urbilum ; ”
3 sila inun gur ||| 3 gur 3 barig 3 ban2 3 sila3 butter oil ,
3 sila gaUD@g gur ||| 3 gur 3 ban2 3 sila3 kašk cheese ,
ki luzabalata ||| from Lu-Zabala ;
3 inun ||| 3 barig butter oil ,
3 gaUD@g ||| 3 barig kašk cheese ,
ki urmamita ||| from Ur-Mami ;
3 sila inun gur ||| 3 gur 3 sila3 butter oil ,
3 sila gaUD@g gur ||| 3 gur 3 barig 3 ban2 3 sila3 kašk cheese ,
ki urnigarta ||| from Ur-nigar ;
3 inun ||| 3 ban2 butter oil ,
3 sila gaUD@g ||| 3 barig 3 ban2 3 sila3 kašk cheese ,
ki dugeta ||| from Duge ;
3 inun ||| 3 ban2 butter oil ,
3 gaUD@g ||| 3 barig kašk cheese ,
ki caramuta ||| from Šara-amu ;
3 inun ||| 3 ban2 butter oil ,
3 gaUD@g ||| 3 barig kašk cheese ,
ki lugalcunireta ||| from Lugal-šunire ,
3 sila inun ||| 3 barig 3 ban2 3 sila3 butter oil ,
3 sila gaUD@g gur ||| 3 gur 3 sila3 kašk cheese ,
ki ceckalata ||| from Šeškala ;
3 sila inun ||| 3 barig 3 sila3 butter oil ,
3 sila gaUD@g ||| 3 barig 3 ban2 3 sila3 kašk cheese ,
ki ursudata ||| from Ur-Suda ;
3 inun ||| 3 barig 3 ban2 butter oil ,
3 sila gaUD@g ||| 3 barig 3 ban2 3 sila3 kašk cheese ,
ki guzanata ||| from Guzana ;
3 inun ||| 3 ban2 butter oil ,
3 sila gaUD@g ||| 3 barig 3 ban2 3 sila3 kašk cheese ,
ki buduta ||| from Budu ;
3 sila inun ||| 3 barig 3 ban2 3 sila3 butter oil ,
3 sila gaUD@g ||| 3 barig 3 ban2 3 sila3 kašk cheese ,
ki albaniduta ||| from Albanidu ;
3 sila inun ||| 3 barig 3 ban2 3 sila3 butter oil ,
3 sila gaUD@g ||| 3 barig 3 sila3 kašk cheese ,
ki UCta ||| from UŠ ;
3 inun ||| 3 ban2 butter oil ,
3 gaUD@g ||| 3 ban2 kašk cheese ,
ki akicarta ||| from Akišar ;
cuGIRbi 3 sila ||| its šuGIR : 3 barig 3 ban2 3 sila3 ;
3 sila i magura ||| 3 ban2 3 sila3  oil for “ Barge ; ”
cunigin 3 sila 3 gin inun gur ||| total : 3 gur 3 barig 3 ban2 3 sila3 3 shekels butter oil ,
cunigin 3 sila 3 gin gaUD@g gur ||| total : 3 gur 3 barig 3 ban2 3 sila3 3 shekels kašk cheese ,
cabita ||| therefrom
3 sila inun ||| 3 barig 3 sila3 butter oil ,
3 sila ga gazi ||| 3 ban2 3 sila3 sumac-cheese ,
3 sila gaUD@g ||| 3 barig 3 ban2 3 sila3 kašk cheese ,
giri urcakkan ||| via Ur-Šakkan ;
3 sila gacea gur ||| 3 gur 3 barig 3 ban2 3 sila3 yellowed milk ,
giri kas ||| via Kas ;
ziga bala ||| booked out of the bala
mu amarsuen lugale urbilum muhul ||| of the year : “ Amar-Suen , the king , destroyed Urbilum ; ”
3 sila inun ||| 3 barig 3 ban2 3 sila3 butter oil ,
3 sila ga gazi ||| 3 ban 3 sila3 sumac-cheese ,
3 sila gaUD@g ||| 3 barig 3 ban2 3 sila3 kašk cheese ,
giri urcakkan ||| via Ur-Šakkan ;
3 sila gacea gur ||| 3 gur 3 barig 3 sila3 yellowed milk ,
3 sila gaUD@g ||| 3 ban3 3 sila3 kašk cheese ,
giri kas ||| via Kas ;
ziga bala mu ku guza enlila badim ||| booked out of the bala  of the year : “ the silvery chair of Enlil was fashioned ; ”
3 mana 3 gin kubabbar ||| 3 mana 3 shekel silver
ara 3kam ||| the first time ,
3 mana 3 gin ku ||| 3 mana 3 shekels silver
ara 3kam ||| the second time ,
giri lukala ||| via Lukala ,
3 gin ku ||| 3 shekels silver ,
giri urcara caduba ||| via Ur-Šara the chief accountant ,
3 gin 3 ce ku ||| 3 shekels 3 grains silver
giri luzabala ||| via Lu-Zabala ,
sag nabi 3 gin 3 ce ku ||| its “ stone overhead ” : 3 shekel 3 grains silver ,
inunbi 3 sila 3 gin gur ||| its butter oil : 3 gur 3 barig 3 ban2 3 sila3 3 shekels ;
3 sila inun ||| 3 ban2 3 sila3 butter oil ,
3 sila gacea ||| 3 ban2 3 sila3 yellowed milk ,
sadu ara 3kam ||| first sadu-allotment ,
3 sila inun ||| 3 sila3 butter oil ,
sadu ara 3kam ||| second sadu-allotment ,
3 gacea gibilce ||| 3 barig yellowed milk … ,
kacdea lugal ummace gena ||| beer festival when the king went to Umma ,
kicibi 3am ||| their sealed documents : 3 ,
ugu lukala gagadam ||| to be entered to the debit account of Lukala ;
3 sila inun ||| 3 barig 3 ban2 3 sila3 butter oil ,
3 sila gaUD@g ||| 3 barig 3 sila3 kašk cheese ,
3 sila gacea ||| 3 sila3 yellowed milk ,
kicib lukala ||| under seal of Lukala ,
ugu ure gagadam ||| to be entered to the debit account of Ur-e'e ;
3 sila 3 gin inun gur ||| 3 gur 3 barig 3 ban2 3 sila3 3 shekels butter oil ,
3 sila ga gazi gur ||| 3 gur 3 barig 3 ban2 3 sila3 sumac-cheese ,
3 sila gaUD@g gur ||| 3 gur 3 barig 3 ban2 3 sila3 kašk cheese ,
3 gacea gur ||| 3 gur 3 barig 3 ban2 yellowed milk ,
kicib urculpae ||| under seal of Ur-Šulpa'e ;
cunigin 3 sila 3 gin inun gur ||| total : 3 gur 3 barig 3 ban2 3 sila3 3 shekels butter oil ,
cunigin 3 sila 3 gin ga gazi gur ||| total : 3 gur 3 sila3 3 shekels sumac-cheese ,
gaUD@gbi 3 sila 3 gin ||| its kašk cheese : 3 gur 3 ban2 3 sila3 3 shekels ,
cunigin 3 gaUD@g gur ||| total : 3 gur 3 barig 3 ban2 3 sila3 kašk cheese ,
cunigin 3 sila gacea gur ||| total 3 gur 3 barig 3 ban2 3 sila3 yellowed milk ,
inunbi 3 sila 3 gin ||| its butter oil : 3 barig 3 ban2 3 sila3 3 shekels ,
gaUD@gbi 3 sila 3 gin ||| its kašk cheese : 3 barig 3 ban2 3 sila3 3 shekels ;
cunigin 3 sila 3 gin inun gur ||| total : 3 gur 3 ban2 3 sila3 3 shekels butter oil ,
cunigin 3 sila 3 gin gaUD@g gur ||| total : 3 gur 3 barig 3 ban2 3 sila3 3 shekels kašk cheese ,
zigam ||| booked out ;
laia 3 sila 3 gin inun gur ||| the deficit : 3 gur 3 barig 3 ban2 3 sila3 3 shekels butter oil ,
3 sila 3 gin gaUD@g gur ||| 3 gur 3 barig 3 ban2 3 sila3 3 shekels kašk cheese ,
laiam ||| are the deficit ;
nigkak inun gar ||| account of butter oil and kašk cheese of
atu cuc ||| Atu , the chief cattle manager ;
mu ku guza enlila badim ||| year : “ The silver-chair of Enlil was fashioned . ”
inanna ||| For Inanna
nin ku nuna ||| Ninkununa ,
ninani ||| his mistress ,
urnamma ||| Ur-Namma ,
lugal urimake ||| the king of Ur ,
eani ||| her temple
munadu ||| he built for her .
cusuen ||| Šū-Suen ,
lugal kalga ||| strong king ,
lugal urima ||| king of Ur ,
lugal an ubda limmuba ||| king of the four corners
lusaizu ||| Lu-sa-izu ,
dubsar ||| scribe ,
dumu X ||| son of … ,
ARADzu ||| is your servant .
cara ||| For Šara ,
nirgal ana ||| the trusted one of An ,
dumu kiag ||| beloved son
inanna ||| of Inanna ,
adanir ||| his father ,
cusuen ||| Šū-Sîn ,
icib ana ||| the incantation-priest of An ,
gudu cu dadag ||| the priest with pure hands
enlil ||| of Enlil
ninlilka ||| and Ninlil ,
u dingir galgalene ||| and all the great gods ,
lugal enlile ||| the king whom Enlil
kiag ||| as one beloved
cagana ||| in his heart
inpa ||| did choose ,
sipa kalamace ||| the shepherd of the country ,
lugal kalga ||| the strong king ,
lugal urima ||| king of Ur
lugal an ubda limmubake ||| and king of the four quarters of the world ,
u bad martu ||| when the Mardu wall
muriq ||| That Which Keeps Distant
tidnim ||| the Tidnum ,
mudua ||| he had built ,
u ne martu ||| and the forces of the Mardu
madane ||| to his own land
bingia ||| he had sent back ,
e cage pada ||| the Temple Chosen by the Heart ,
e kiagani ||| his beloved temple ,
namtilanice ||| for his life
munadu ||| he built for him .
3 acgar niga saga us ||| 3 female kid , grain-fed , fine , second , 
3 udu ||| 3 sheep , 
3 ud ||| 3 nanny , 
3 sila ||| 3 lambs , 
ki cumamata ||| from Šu-Mama 
culgirimu ||| did Šulgi-irimu 
cu bati ||| receive ; 
iti sesdagu ||| month : “ Piglet-feast , ” 
mu huhnuri bahul ||| year : “ Ḫuḫnuri was destroyed . ” 
3 ||| 3 . 
3 ninda gid 3 kuc dagal ihi 3 kuc sukud ||| 3 ninda the length , 3 cubits the average width , 3 cubits the depth ;
3 nindana 3 sarta ||| per  sar ,
kinbi 3 sar ||| work involved : 3  sar ;
guruc 3e 3 gin 3 ceta ||| per worker  shekels ;
abi 3 guruc u 3ce ||| the labor : 3 workdays ;
guruc 3e ani 3 silata ||| disbursement per workerday : 3 sila3 ;
cebi 3 sila gur ||| the barley : 3 gur 3 barig 3 ban2 3 sila3 ;
lu hungame ||| they are hired men ;
3 ninda gid 3 kuc dagal 3 kuc sukud ||| 3 ninda the length , 3 cubits the width , 3 cubits the depth ;
kinbi 3 sar 3 gin ||| work involved : 3  shekels ;
gantucme ||| they are gantuš ;
im dua gida ||| pisé wall construction , drawn long ,
kiri babainimsisa ||| in the orchard of Baba-inim-sisa ;
ca garcumka ||| of Garšum ;
giri urbaba dumu cabrae ||| responsible : Ur-Baba , son of the household manager ,
lugalmusuda ||| Lugal-musuda ,
u lugalbaba dumu urlamma ||| and Lugal-baba son of Ur-Lamma ;
mu ibisuen lugal ||| the year : “ Ibbi-Suen is king . ”
3 udu niga inanna unu ||| 3 barley-fed sheep  Inanna of Uruk ,
giri lugalimah sagi ||| via Lugalimah , cupbearer ;
3 udu ce 3 sila ga ||| 3 barley-fed sheep , a milk-fed lamb
ictaran ||| Ištaran ,
nuhidingirum mackim ||| from Nuhi-ilum , the deputy ;
3 sila ga nanna ||| 3 milk-fed lamb  Nanna ,
eranada mackim ||| from Erranada , the deputy ;
siskur ca egal ||| an offering in the palace ;
3 macgal niga ilidagan ||| 3 barley-fed large-goat , from Ili-Dagan ,
lu ebla ||| man of Ebla ;
3 macgal niga ||| 3 barley-fed large-goat ,
X X X ||| … ,
3 macgal niga ||| 3 barley-fed large-goat ,
budur lu urcu ||| from … , man of Uršu
3 macgal niga nagizu lu kingia ca X ||| 3 large barley-fed goat , Nagizu , messenger from Ar-…
giri lugalinimgina ||| via Lugalinimgina
ARADmu ugula kas ||| ARAD-mu , overseer of the messengers ;
iti u 3 bazal ||| ff the month , 3 days have passed ,
ki ahunita bazi ||| booked out of  Ahuni ,
iti sesdagu ||| month : “ Eating piglets , ”
mu amarsuen lugal ||| year : “ Amar-Suen became king . ”
pisanduba ||| Basket-of-tablets
ab ud guba ||| xxx
u i ab uda gara ||| xxx
igal ||| xxx
mu ibisuen lugal ||| xxx
culgi ||| Šulgi ,
nita kalga ||| strong man ,
lugal urima ||| king of Ur ,
lugal kiengi ki uri ||| king of Sumer and Akkad .
3 sila kac 3 sila ninda 3 sa cum  ||| 3 sila3 beer , 3 sila3 bread , 3 bundles onions ,
3 gin i 3 gin naga  ||| 3 shekels oil , 3 shekels alkali-plant ,
lubanda  ||| for Lu-banda ;
3 sila kac 3 sila ninda 3 sa cum  ||| 3 sila3 beer , 3 sila3 bread , 3 bundles onions ,
3 gin i 3 gin naga  ||| 3 shekels oil , 3 shekels alkali-plant ,
bizu  ||| for Bizu ;
3 kac 3 ninda 3 sa cum  ||| 3 ban2 beer , 3 ban2 bread , 3 bundles onions ,
3 gin i 3 gin naga  ||| 3 shekels oil , 3 shekels alkali-plant ,
dingirsukkal  ||| for Dingir-sukkal ;
3 sila kac 3 sila ninda 3 sa cum  ||| 3 sila3 beer , 3 sila3 bread , 3 bundles onions ,
3 gin i 3 gin naga  ||| 3 shekels oil , 3 shekels alkali-plant ,
nurickur  ||| for Nūr-Adda ;
3 sila kac 3 sila ninda 3 sa cum  ||| 3 sila3 beer , 3 sila3 bread , 3 bundles onions ,
3 gin i 3 gin naga  ||| 3 shekels oil , 3 shekels alkali-plant ,
nigbaba  ||| for Nig-Baba ;
3 sila kac 3 sila ninda 3 sa cum  ||| 3 sila3 beer , 3 sila3 bread , 3 bundles onions ,
3 gin i 3 gin naga  ||| 3 shekels oil , 3 shekels alkali-plant ,
lunanna  ||| for Lu-Nanna ;
cunigin 3 la 3 sila kac 3 sila ninda 3 sa cum  ||| total : 3 ban2 less 3 sila3 beer ; 3 ban2 3 sila3 bread ; 3 bundles onions ;
3 sila 3 gin i 3 gin naga  ||| 3 sila3 3 shekels oil ; 3 shekels alkali-plant ;
u 3kam  ||| 4 day ,
iti dumuzi  ||| month : “ Dumuzi . ”
iti cesagku ||| month “ Harvest , ” 
mu cusuen lugal urimake ma darabzu enkika bindu ||| year : “ The Shu-Suen , king of Ur , the boat  ‘Ibex-of-Abzu’ caulked . ” 
ninmar ||| To Ninmar ,
nin munusgilsa ||| the queen of the Munus-gilsa temple ,
ninani ||| his mistress ,
namti ||| for the life
culgi ||| of Šulgi ,
nita kalga ||| the mighty man ,
lugal urima ||| king of Ur
lugal an ubda limmubakace ||| and king of the four world quarters ,
urningirsu ||| Ur-Ningirsu ,
enmeziana ||| En-mezi-ana ,
cennu ||| the šennu-priest
en kiag nanceka ||| the beloved high priest of Nanše ,
a munaru ||| dedicated  to her .
3 la 3 sila ||| 3 less 3 lambs , 
3 mac ||| 3 billy , 
u 3kam ||| 4 day , 
ki abasagata ||| from Abbasaga 
intaea ||| did Intae’a  
idab ||| accept ; 
iti ezemah ||| month “ Big-festival , ” 
mu cacru bahul ||| year : “ Šašru was destroyed ; ” 
3 ||| 3 . 
pisanduba ||| Basket-of-tablets
im namcatam ||| tablets official ,
ugula nam3kene ||| foremen of the 3 of
daumma ||| Da’umma ,
apisal ||| Apisal ,
guedina ||| Gu-edina ,
u mucbian ||| and Mušbiana
igal ||| are here ;
mu 3kam ||| 3 years ;
mu urbilum u mu kimac ||| year : “ Urbilum and Kimaš were destroyed . ”
pisanduba ||| Basket-of-tablets
gurum ak daba ||| xxx
erin sagapin ||| xxx
e culgi ||| xxx
igal ||| xxx
mu guza enlila badim ||| xxx
gilgames ||| To Gilgameš
endimgig ||| of Endimgig ,
lugalani ||| his master ,
urnamma ||| Ur-Namma ,
nita kalga ||| the mighty man ,
lugal urima ||| king of Ur
lugal kiengi kiurike ||| and king of Sumer and Akkad ,
u e nanna ||| when the temple of Nanna
mudua ||| he had built ,
namtilanice ||| for his life
a munaru ||| he dedicated it to him .
lu mu saraba ||| A person who this inscription
cu bibura ||| shall erase ,
gilgamese ||| May Gilgameš
nam habadakue ||| curse him .
pisanduba ||| Basket-of-tablets
gurum ak daba ||| xxx
sagapin ||| xxx
erin ugIL ||| xxx
e ninmar ||| xxx
ugula abamu ||| xxx
u lunarua ||| xxx
igal ||| xxx
mu en inanna mace ipa ||| xxx
pisanduba ||| Basket-of-tablets
kicib didli X ||| sealed documents , varied , … ,
e luginata dea ||| from the house of Lugina delivered ,
igal ||| are here .
ursuen ||| Ur-Suen
dubsar ||| scribe ,
dumu urgigir ||| son of Ur-gigir
3 ce gur lugal ||| 3 gur 3 barig barley , royal ,
laia suga ||| deficit , repaid ,
ki lu muhaldimta ||| from Lu'u , the cook ,
lukala ||| Lukalla
cu bati ||| received ;
iti amarasi ||| month : “ amar-ayasi , ”
mu enmahgal nanna bahun ||| year “ Enmaḫgal of Nanna was installed . ”
3 GAN ||| 3 bur3 3 eše3 3 iku field surface ,
cebi 3 gur ||| its barley : 3 gur 3 barig ;
laia 3 ce gur ||| the deficit : 3 gur 3 barig ,
aca dalbana ||| field Dalbana ;
3 GAN ||| 3 bur3 3 eše3 3 iku field surface ,
cebi 3 gur ||| its barley : 3 gur ,
diri 3 gur ||| the surplus : 3 gur
aca igi eamar ||| field before E-amar ;
3 GAN ||| 3 bur3 3 eše3 3 iku field surface ,
cebi 3 gur ||| its barley : 3 gur 3 barig 3 ban2 ,
laia 3 gur ||| the deficit : 3 gur 3 barig 3 ban2
aca edurubazi ||| field Village-bazi ;
3 GAN ||| 3 GAN2
cebi 3 gur ||| its barley : 3 gur 3 barig 3 ban2 ,
diri 3 gur ||| the surplus : 3 gur 3 barig 3 ban2
aca abila ||| field Ab-illa ;
cunigin 3 GAN ||| total : 3 bur3 field surface ,
cunigin cebi 3 gur ||| total , its barley : 3 barig 3 ban2 ,
muku ||| deliveries ;
cunigin 3 gur ||| total : 3 gur 3 ban2 ,
laiam ||| are the deficit ;
ugula cuea ||| foreman : Šu-Ea ,
mu X ||| year : “ … . ”
3 ku gabIL ||| 3 gabIL fish baskets ;
3 guruc u 3ce ma mucen ||| 3 workdays , male laborers , barge of the birds ;
3 guruc u 3ce ziga didli ||| 3 workdays , male laborers , various “ booked-outs ” ;
mu 3kam ||| 4 year ;
3 la 3 ku gabIL ||| 3 less 3 gabIL fish baskets ;
3 ku nun saga ||| 3 nun-fish , good quality ;
3 la 3 guruc u 3ce ma mucen ||| 3 less 3 workdays , male laborers , barge of the birds ;
3 guruc u 3ce ziga didli ||| 3 workdays , male laborers , various “ booked-outs ” ;
mu 3kam ||| 4 year ;
ku diri nudab ||| surplus fish not taken ;
albanidu ||| Albanidu
cu bati ||| received ;
iti ezemculgi ||| from month : “ Festival of Šulgi , ”
mu karhar ara 3kamac bahulta ||| year : “ Karḫar for the 4 time was destroyed , ”
iti ezembaba ||| to month : Festival of Baba , ”
mu karhar ara 3kamac bahulce ||| year : “ Karḫar for the 4 time was destroyed . ”
3 gu cugid ||| 3 oxen , šugid-type ,
u 3kam ||| 4 day ;
ki abasagata ||| from Abbasaga
enlila ||| Enlila
idab ||| accepted ;
iti ezemana ||| month : “ Festival-of-An , ”
mu en eridu bahun ||| year : “ The high priest of Eridu was installed . ”
3 ||| 3 .
nance ||| To Nanše
ninani ||| his mistress ,
culgi ||| Šulgi ,
nita kalga ||| the mighty man ,
lugal urima ||| king of Ur
nincagepada ||| For Ninšagepada
ninani ||| his mistress ,
urnamma ||| Ur-Namma ,
lugal urimake ||| king of Ur ,
eani ||| her temple
munadu ||| he built for her .
3 guruc u 3ce ||| 3 workmen for 3 days ,
abi u 3 ||| the labor : 3 days ,
ada guba ||| at the water stationed ,
aca amarkici ||| the field “ Amar-kiši , ”
aca muru ||| the field “ Center , ”
aca i lugalka ||| the field “ Royal waterway , ”
adea ||| water poured ,
ka i eka kura ||| intake of the out-waterway cut off ,
ka i eta ||| from the intake of the out-waterway
aca amarkici X cura ||| to field “ Amar-kiši ” … leveled ;
ugula X X ||| foreman : … ,
giri X ||| via … ,
kicib egalesi ||| under seal of Egalesi ,
mu usa cusuen lugale bad martu mudu ||| year following : “ Šu-Suen , the king , Martu wall erected . ”
pisanduba ||| Basket-of-tablets
X X ||| …
X kicibi ||| …
igal ||| are here .
luningirsu ||| Lu-Ningirsu ,
dubsar ||| scribe ,
dumu lubaba ||| son of Lu-Baba .
pisanduba ||| Basket-of-tablets
dub gida ||| long-tablets
X ||| of …-abba
igal ||| are here ;
mu enunugal inanna bahun ||| year : “ Enunugal of Inanna was hired . ”
pisanduba ||| Basket-of-tablets
gu udu i siki ||| xxx
kas cuc ||| xxx
mu 3kam ||| xxx
igal ||| xxx
mu enunugal inanna ||| xxx
mu cacru ||| xxx
eneru ||| enuru
muce kurmucta KA namgi ||| The snake from snake mountain indeed called .
meTAR an kika ||| The lizard of heaven and of earth
eme baniak ||| licked .
dumu meTAR an ki 3anene ||| The sons of the lizard , heaven and earth , are 3 .
pu lilam idu ||| The well like wind it made .
a lilam inde ||| Water like wind he poured out .
gug lilam zabi ibdab ||| Grass like wind its right encircled .
gugbi gabuni ||| Its grass , his left
mubze ||| it tore out .
X cu umagi ||| Then his … held firm .
X X zu helae ||| … the  fang may he bind .
tutu abzu eriduga asarluhi dumu eriduke ||| The incantations of the Abzu of Eridu of Asalluhi , son of Eridu
namudabure ||| may they not be undone .
nisaba ||| Nisaba ,
munuszi ||| the righteous woman ,
munus saga ||| the beautiful woman .
adakala ||| Addakala ,
dubsare ||| the scribe ,
musar ||| wrote ,
igiza hensa ||| in your eyes he indeed pleased .
bala saga ||| Good bala .
urlisi ||| Ur-Lisi ,
ensi ||| governor
umma ||| of Umma
urama ||| Ur-amma ,
dubsar ||| scribe ,
dumu nasilim ||| son of Nasilim ,
ARADzu ||| is your servant .
pisanduba ||| Basket-of-tablets
mu didli ceba ||| various years , barley rations ,
ce erina ||| barley of the troops
u cabi suga ||| and therefroms , restitutions ,
nigka ceka ||| accounts of barley ,
igal ||| are here ;
mu cusuen lugal urimake madarabzu enkika bindu ||| year : “ By Šu-Suen , king of Ur , the boat ‘Ibex-of-Apsu’ of Enki was caulked . ”
cusuen ||| Šū-Suen ,
lugal kalga ||| strong king ,
lugal urima ||| king of Ur ,
lugal an ubda limmuba ||| king of the four corners
lugalamarku ||| Lugal-amarku ,
dubsar ||| scribe ,
dumu nasa kurucda ||| son of Nasa , the fattener ,
ARADzu ||| is your servant .
enlil ||| For Enlil ,
lugal kurkura ||| the king of all the lands ,
lugalani ||| his master ,
urnamma ||| Ur-Namma ,
nita kalga ||| the mighty man ,
lugal urima ||| king of Ur
lugal kiengi kiurike ||| and king of Sumer and Akkad ,
ekur ||| the Ekur ,
e kiagani ||| his beloved temple ,
munadu ||| he built for him .
3 X ||| 3 … ,
3 X ||| 3 … ,
3 mac ||| 3 kids ,
u 3 la 3kam ||| the 4 day ,
ki abasagata ||| from Abbasaga ,
intaea ||| Inta’e’a
idab ||| accepted ;
iti X ||| month : “ . . , ”
mu enmahgalana en nanna bahun ||| year : “ Enmaḫgalana , the high-priestess of Nanna , was hired ; ”
3 ||| 3 .
pisanduba ||| Basket-of-tablets
kicib daba gi ||| sealed documents of dab , reed ,
ARADeb ||| ARAD-eb ,
igal ||| are here ;
3 guruc u 3ce ||| 3 workdays ,
GAN urgigir cabra ||| land parcel of Ur-gigir , the chief administrator ;
3 guruc u 3ce ||| 3 workdays ,
GAN urgigir nubandagu ||| land parcel of Ur-gigir , oxen manager ;
3 guruc u 3ce ||| 3 workdays ,
GAN lugalgue ||| land parcel of Lugal-gue ;
gi zea gi kua u hirina zea ||| reed uprooted , reed cut and hirin-weed uprooted ;
aca agectina ||| field “ A-geština ; ”
ugula lugirizal ||| foreman : Lu-giri-zal ;
kicib ceckala dumu dada ||| under seal of Šeškalla , son of Dada ;
iti dal ||| month “ Flight , ”
iti cunumun ||| month : month “ Sowing ; ”
mu enmahgalana nanna bahun ||| year : “ Enmaḫgalana of Nanna was installed . ”
lugalniglagare ||| Lugal-nig-lagare ,
dubsar ||| scribe ,
dumu dada ||| son of Dada .
pisanduba ||| Basket-of-tablets
udu gukkal guba ||| xxx
ca girsu ||| xxx
ugula dugazida ||| xxx
ca kinunirnigin ||| xxx
u ca guaba ||| xxx
ugula carumili ||| xxx
igal ||| xxx
mu kimac ||| xxx
3 sila lal ||| 3 sila3 date syrup ,
kubi 3 gin ||| its silver : 3 shekel ;
3 amarsag uztur ||| 3 a . -ducklings ,
kubi 3 gin ||| their silver : 3 shekel ;
3 kuda ||| 3 k . ,
kubi 3 gin la igi3gal ||| its silver : 3 shekel less 3 ;
3 la 3 pecgecgi ||| 3 less 3 bandicoot rats ,
kubi igi3gal 3 ce ||| their silver : 3  grains ;
3 amarsag uga ||| 3 a . -crow ,
kubi 3 ce ||| its silver : 3 grains ;
3 ku kunzi saga ||| 3 reservoir fish , fine quality ,
kubi 3 gin igi3gal 3 ce ||| their silver : 3 shekels 3 , 3 grains ;
nesag enlila ||| “ first fruits ” of Enlil ,
kicib halulu ||| under seal of Ḫalulu ;
mu e puzurdagan ||| year : “ Puzriš-Dagan . ”
lugalezem dubsar ||| Lugal-ezem , the scribe ,
dumu lugalemahe ||| son of Lugal-emaḫe ,
cabra ||| the chief household manager .
hepi X ||| broken ,
X ||| the king
mari ||| of Mari ,
X puzurecdar ||| son of Puzur-Eštar
X ||| the king ,
ina mahri ||| before
i ||| the Divine River
belicu ||| his lord ,
mactaba ||| the Twin Gods ,
u ictaran ||| and Ištaran ,
X ||| …
i ||| The Divine River ,
ictaran ||| Ištaran ,
u mactaba ||| and the Twin Gods ,
X ||| his seed
lilqutu ||| may they pluck up
adi sidarkicu ||| as far as his …
kima pi X X ca ina sipar ||| According to the wording of an old stone stela which in Sippar
3 remutum X X 3 X ||| Rēmũtum , the junior scribe ,  Su-… ,
us,abima isuh ||| examined and excerpted .
amarsuen ||| Amar-Suena ,
lugal kalga ||| the mighty king ,
lugal urima ||| king of Ur
lugal an ubda limmubake ||| and king of the four world quarters ,
ki enuga urima ||| the place of the watch in Ur
munadu ||| he built for him .
ki enugaba ||| This place of the watch
amarsuen ||| Amar-Suena
kiag nanna ||| Is the Beloved of Nanna
mubim ||| is its name .
3 zi sig gur lugal ||| 3 gur rough flour , royal ,
3 dabin gur ||| 3 gur dabin-flour ,
kicib uludi ||| under seal of Uludi ;
3 sila dabin gur ||| 3 gur 3 barig 3 sila3 dabin-flour ,
kicib luninmar dumu duga ||| under seal of Lu-Ninmar , son of Duga ;
cunigin cebi 3 sila gur ||| total , its barley : 3 gur 3 barig 3 sila3 ,
abi 3 geme u 3ce ||| its labor : 3 workdays , female laborers ;
cabita ||| therefrom
3 ziz gur kicib lutu ugula kikken ||| 3 gur emmer , under seal of Lu-Utu , foremen of the mill ;
3 ce gur kicib urigalim ugula kikken ||| 3 gur 3 ban2 barley , under seal of Ur-Igalim , foreman of the mill ;
giri luninmar dumu duga ||| via Lu-Ninmar , son of Duga ;
3 la 3 sila ce gur ||| 3 gur less 3 ban2 3 sila3 barley ,
kicib urnigar ||| under seal of Ur-nigar ;
3 ce gur anebadu nar ||| 3 gur barley , Annebadu , the cantor ,
ca nibru ||| in Nippur ;
3 ce gur kicib ceckala ||| 3 gur barley , under seal of Šeškalla ,
ca girsu ||| in Girsu ;
cunigin 3 la 3 sila ce ziz gur ||| total : 3 gur less 3 sila3 barley and emmer
ziga ||| booked out ;
laia 3 sila ce gur ||| the deficit : 3 gur 3 barig 3 sila3 barley ,
laia 3 gin la 3 ce ku a zidaka ||| the deficit : 3 shekels less 3 grains silver , labor of flour ;
nigkak kala ||| account of KAla’a
uludi dumu habanzizi ||| Uludi , son of Ḫabanzizi ;
mu usa e puzuricdagan badu ||| year after : “ The house Puzris-Dagan was erected . ”
cusuen ||| Šū-Suen ,
lugal kalga ||| strong king ,
lugal urima ||| king of Ur ,
lugal an ubda limmuba ||| king of the four corners
lunincubur ||| Lu-Ninšubur ,
dubsar ||| scribe ,
dumu lugalazida ||| son of Lugal-azida ,
ARADzu ||| is your servant .
3 guruc u 3ce ||| 3 male laborer workdays ,
ce irisarigta ||| grain from Irisagrig
ziga ||| booked out ;
ugula ala ||| foreman : Alaya ,
kicib urmes ||| under seal of Ur-mes ;
iti cueca ||| month : “ Šu’eša , ”
mu huhnuri bahul ||| year : “ Ḫuḫnuri was destroyed . ”
urmes ||| Ur-mes ,
dubsar ||| scribe ,
dumu ursuen ||| son of Ur-Suen .
pisanduba ||| Basket-of-tablets
kicib daba a erina ||| xxx
ceckala dumu tirgu ||| xxx
iti 3kam ||| xxx
igal ||| xxx
iti sigicubagarata ||| xxx
iti dumuzice ||| xxx
mu cusuen lugale mada zabcali muhul ||| xxx
musaraba ||| this inscription
cu bibura ||| shall erase
muni ||| and his name
pisanduba ||| Basket-of-tablets
gargara ||| … ,
gurumak erina ||| inspection of the worktroops ,
girisega guapina ||| personnel of the plow-oxen ,
girisega sipa unuene ||| personnel of the plow-oxen ,
guapin etur udu namenitala ||| plow-oxen , stall , rams of … ,
ki cunamugita ||| from Šunamugi
lunincubur idab ||| did Lu-Ninšubur accept ;
giri urnigar caduba ||| via Ur-nigar , chief accountant ,
u urbaba dubsar ||| and Ur-Baba , scribe ,
mu en nanna karzida bahun ||| year : “ en of Nanna of Karzida was installed , ”
igal ||| are here .
X X  ||| …
X i ukim  ||| … ukim ;
X iduga adu  ||| … fine oil , Adu
nubanda  ||| the nubanda ;
nizuhu X  ||| … ;
X   ||| …
X tiuga  ||| … ;
X luazida  ||| … Lu-azida .
culgi ||| Šulgi ,
nita kalga ||| the mighty man ,
lugal urima ||| king of Ur
lugal an ubda limmuba ||| and king of the four world quarters .
pisanduba ||| Basket-of-tablets
nigkak kuc ||| accounts of leather
u kicib dababi ||| and sealed documents of their dab ,
lunamanka ||| Lu-namanka ,
igal ||| are here ;
mu amarsuen lugal ||| year : “ Amar-Suen is king . ”
n 3 sila 3 gin gu hia gur ||| … 3 gur 3 barig 3 sila3 3 shekels various pulses ;
n gin celu ||| … shekels coriander ;
n 3 sila gamun ||| … 3 ? sila3 cumin ;
n 3 sila 3 gin cezibitum ||| … 3 sila3 3 shekels še-zibītum spice ;
gu balabi 3 sila 3 gin ||| its bala pulse : 3  sila3 3 shekels ;
3 sila 3 gin gutur usa ||| 3 sila3 3 shekels roughly crushed small pulses ,
gu balabi 3 sila ||| its bala pulse : 3 sila3 ;
3 sila 3 gin gamun gaz ||| 3  sila3 3 shekels crushed cumins ,
gamun balabi 3 sila 3 gin ||| its bala cumin : 3  sila3 3 shekels ;
n X X gamun ||| … cumin ;
n cezibitum ||| … še-zibītum spice ;
n celu gaz ||| … crushed coriander ,
celu balabi 3 n sila 3 gin ||| its bala coriander : 3  … sila3 3 shekels ;
n celu ||| … coriander ;
3 sila 3 gin gazi gaz ||| 3 ban2 3 sila3 3  shekels crushed sumac ,
gazi balabi 3 sila 3 gin ||| its bala sumac : 3 ban2 3 sila3 3 shekels ;
n gin gazi ||| … shekels sumac ;
n 3 sila 3 gin mun ||| … 3 ? 3 ? sila3 3 shekels salt ;
X mana sig mun ||| … mana brick salt ;
X X 3 gin cezibitum ||| … 3 shekels še ? -zibītum ? spice ;
X X X ||| … ,
gamun balabi X 3 sila ||| its bala cumins : … 3 sila3 ;
3 sila celu gaz ||| 3 barig 3 ban2 3 sila3 crushed coriander ,
celu balabi 3 sila ||| its bala coriander : 3 barig 3 ban2 3 sila3 ;
3 sila gazi gaz ||| 3 barig 3 ban2 3 sila3 crushed sumac ,
gazi balabi 3 ||| its bala sumac : 3 barig 3 ban2 ;
3 sila mun gur ||| 3 gur 3 barig 3 ban2 3 sila3 salt ;
3 sila numun zahili ||| 3 sila3 cress seed ;
sadu kura ||| regular provisions , cut ;
ca urima ||| in/of Ur ;
cunigin X 3 sila X gin gu hia gur ||| total : … 3 gur 3 barig 3 ban2 3 sila3 … shekels various pulses ;
cunigin 3 sila X X gamun gur ||| total : 3 gur 3 barig 3 sila3 x of cumin ;
cunigin 3 n 3 sila 3 gin celu gur ||| total : 3 gur 3 1ban2 3 sila3 3 shekels coriander ;
cunigin 3 X X X X gur ||| total : 3  gur 3 barig … ;
3 cezibitum ||| 3 barig 3 ban2 of še-zibītum spice ;
3 n 3 sila gamun ||| 3 barig … 3 sila3 cumins ;
3 numun zahili ||| 3 ban2 of cress seed ;
3 sila kumul ||| 3 barig 3 sila3 ku-mul spice ;
sadu lugal ||| regular provisions  the king
u ziga nigdiri ||| and booked-outs , additional ,
ca nibru ||| in/of Nippur ;
3 sila gugal ara ||| 3 barig 3 ban2 3 sila3 ground big pulses ;
3 sila gutur usa ||| 3 barig 3 ban2 3 sila3 roughly crushed small pulses ;
3 sila zi gugal ||| 3 barig 3 sila3 big pulses flour ;
3 sila gugal ||| 3 barig 3 ban2 3 sila3 big pulses ;
3 sila gamun gaz ||| 3 ban2 3 sila3 crushed cumin ;
3 sila celu gaz ||| 3 barig 3 ban2 3 sila3 crushed coriander ;
3 sila gazi gaz ||| 3 barig 3 ban2 3 sila3 crushed sumac ;
3 sila mun gur ||| 3 gur 3 barig 3 ban2 3 sila3 salt ;
3 sila numun zahili ||| 3 ban2 3 sila3 cress seed ;
sadu ca urima ||| regular provisions in/of Ur ,
ziga lugal ||| royal withdrawal ;
cunigin X gugal ||| total : … big pulses ;
cunigin 3 sila gamun gaz ||| total : 3 barig 3 ban2 3 sila3 crushed cumin ,
gamun balabi 3 sila ||| its bala cumin : 3 barig 3 ban2 3 sila3 ;
cunigin 3 gamun ||| total : 3 barig cumin ;
cunigin 3 sila celu gaz gur ||| total : 3 gur 3 barig 3 sila3 crushed coriander ,
celu balabi 3 sila ||| its bala coriander : 3 gur 3 barig 3 sila3 ;
cunigin 3 celu gur ||| total : 3 gur coriander ;
cunigin 3 sila 3 gin gazi gaz ||| total : 3 gur 3 barig 3 ban2 3 sila3 3 shekels crushed sumac ,
gazi balabi 3 sila 3 gin gur ||| its bala sumac : 3 gur 3 barig 3 ban2 3 sila3 3 shekels ;
cunigin 3 gazi gur ||| total : 3 gur sumac ;
cunigin 3 cezibitum ||| total : 3 barig 3 ban2 of še-zibītum spice ;
cunigin 3 sila ukur ||| total : 3 barig 3 sila3 u2-kur spice ;
cunigin 3 sila numunzahili ||| total : 3 ban2 3 sila3 cress seed ;
cunigin 3 sila mun gur ||| total : 3 gur 3 barig 3 ban2 3 sila3 salt ;
diri X gamun 3ta ||| surplus : … cumin at 3 ban2 each ;
diri n 3 sila cezibitum 3ta ||| surplus : … 3 ban2 3 sila3 še-zibītum spice at 3 ban2 each ;
diri 3 sila 3 gin mun 3 gurta ||| surplus : 3 barig 3 ban2 3 sila3 3 shekels salt , at 3 gur each ,
gubi 3 sila 3 gin gur ||| its pulses : 3 gur 3 barig 3 ban2 3 sila3 3 shekels ,
diri laia gua ||| the surplus the deficit having ‘consumed’ ;
laia 3 sila gu hia ||| deficit : 3 barig 3 ban2 3 sila3 various pulses ,
3 sila 3 gin celu ||| 3 barig 3 ban2 3 sila3 3 shekels coriander ,
3 sila 3 gin gazi gur ||| 3 gur 3 barig 3 sila3 3 shekels sumac ,
3 sila ukur ||| 3 ban2 3 sila3 u2-kur spice ,
3 sila 3 gin numun zahili ||| 3 ban2 3 sila3 3 shekels cress seed ,
X 3 sila 3 gin kumul ||| … 3 sila3 3 shekels ku-mul spice ,
n 3 sila zizibianum ||| … 3 ban2 3 sila3 zizibiānum spice
n n mana sig mun ||| … mana brick salt ,
laiam ||| it is the deficit ;
nigkak mungazi ||| account of spices
urigalim ||| Ur-Igalim ,
iti cesagkuta ||| from month “ Harvest , ”
iti diri cesagkuce ||| to the extra month “ Harvest , ”
iti 3kam ||| it is 3 months .
pisanduba ||| Basket-of-tablets
dub gida ||| xxx
idub giri kudamu ||| xxx
igal ||| xxx
mu simurum lulubu ara 3 la 3kamac bahul ||| xxx
amarsuen ||| Amar-Suena ,
lugal kalga ||| the mighty man
nanna ||| For Nanna ,
dumusag ||| the first-born son
enlila ||| of Enlil ,
lugalani ||| his master ,
urnamma ||| Ur-Namma ,
nita kalga ||| the mighty man ,
lugal urima ||| the king of Ur
lugal kiengi kiurike ||| and king of Sumer and Akkad ,
lu e nanna ||| the man who the temple of Nanna
indua ||| built ,
niguliake pa munae ||| he made an everlasting thing appear resplendently ,
gaba abkaka ||| on the sea coast
kisara namgaec bisilim ||| in the … he restored long-distance trade to health
ma magan cuna munigi ||| and returned the boats of Magan to his control .
lubala ||| Lu-balaya
nurickurka ||| Nur-Iškur
cu iba ||| has been released .
akala ||| Akalla ,
dubsar ||| scribe ,
dumu urnigar cuc ||| son of Ur-nigar , chief livestock administrator .
3 guruc u 3ce ||| 3 laborers for 3 days
ummata dugecikace ma su gida ||| from Umma to Dugeši an empty boat towed ,
u 3ce ce gec ea u ma siga ||| for 3 days barley threshing and in the boat loaded ,
u 3ce i salac ma gida ||| for 3 day to the Salla canal boat towed ,
u 3ce ce bala ce bala u gurua imura ||| for 3 days grain unloaded , grain transferred , and silo plastering ;
ugula urcakkan ||| foreman : Ur-Šakkan ,
kicib urcara ||| sealed document of Ur-Šara ;
mu en gaec bahun ||| year : “ The lord of Ga’eš was installed . ”
urcara ||| Ur-Šara ,
dubsar ||| scribe ,
dumu ceckala ||| son of Šeškalla .
pisanduba ||| Basket-of-tablets
kicib ra guruma ||| sealed documents of inspections
cabrane ||| of the chief house administrators
igal ||| are here ;
mu ||| year : “ … . ”
pisanduba ||| Basket-of-tablets
ab gu guba ||| cows and oxen stationed ,
X ||| …
X ||| …
girsuta ||| from Girsu
guabace ||| to Guabba ,
igal ||| are here ;
mu usa en eridu bahunga ||| year following : “ The en- of Eridu was hired . ”
3 udu bargal ||| 3 sheep with fleece ,
3 sila bargal ||| 3 lambs with fleece ,
3 udu barsuga ||| 3 sheep without fleece ,
3 ud mac hia ||| 3 mixed nanny and billy goats ,
ki kasta ||| from Kas
lusuen idab ||| Lu-Suen took ;
mu usa kimac bahul ||| year after : “ Kimaš was destroyed . ”
pisanduba ||| Basket-of-tablets
mu 3 sikiba geme ucbar ||| 3 years , wool rations of the female weavers ,
ugula abagula ||| foreman Abbagula ,
ugula utubae ||| foreman Utu-ba’e ,
ugula kuda ||| foreman Kuda ,
u eb tuda ||| and … ,
igal ||| are here ;
mu enmahgalana ||| year : “ Enmaḫgalana . ”
cusuen ||| Šū-Suen ,
lugal kalga ||| strong king ,
lugal urima ||| king of Ur ,
lugal an ubda limmuba ||| king of the four corners
urbaba ||| Ur-Baba ,
dubsar ||| scribe ,
dumu ureninnu ||| son of Ur-Eninnu ,
ARADzu ||| is your servant .
pisanduba ||| Basket-of-tablets
ca dugan ||| in the pouch ,
ekas ca girsu ||| messenger house in Girsu ,
igal ||| are here ;
iti ezemdumuzika ||| from month “ Festival-of-Dumuzi , ”
iti ceilace ||| to month “ Barley-carried , ”
iti 3kam ||| 3 months ,
mu usa kimac bahul ||| year after : “ Kimaš was destroyed . ”
pisanduba ||| Basket-of-tablets
indub gec ea ||| xxx
ku mac kia ||| xxx
ce apinla daba ||| xxx
cegeci muku ||| xxx
gu muku ||| xxx
zulum muku ||| xxx
u laia sugabi ||| xxx
imbi 3am ||| xxx
niginbabi 3am ||| xxx
ingal ||| xxx
iti 3kam ||| xxx
mu usa bad mada badua ||| xxx
cusuen ||| Šū-Suen ,
lugal kalga ||| strong king ,
lugal urima ||| king of Ur ,
lugal an ubda limmubake ||| king of the four corners
culgihazir ||| to Šulgi-ḫazir ,
cagina ||| general ,
ARADdanir ||| his servant ,
inaba ||| he gifted .
3 tug ucbar tur sumun ||| Six old small “ weaver ” garments ,
3 tug cagadu sumun ||| two old šagadu garments ,
mu ucbar X ||| the … weavers ;
3 tug ucbar tur ||| 3 small “ weaver ” garments ,
3 tug ucbar zu uh ||| 3 “ weaver ” garment , moth-eaten ;
mu amarsuen lugale urbilum muhul ||| year : “ Amar-Suen , the king , destroyed Urbilum ; ”
ki ensikata ||| from the governor ,
kicib ikala ||| under seal of Ikalla ,
urcarake bandab ||| Ur-Šara assumed administrative responsibility for .
urcara ||| Ur-Šara ,
dubsar ||| scribe ,
dumu lugalucur ||| son of Lugal-ušur .
3 sila kac 3 sila ninda 3 sa cum  ||| 3 sila3 beer , 3 sila3 bread , 3 bundles onions ,
3 gin i 3 gin naga  ||| 3 shekels oil , 3 shekels alkali-plant ,
lunanna  ||| for Lu-Nanna ;
3 sila kac 3 sila ninda 3 sa cum  ||| 3 sila3 beer , 3 sila3 bread , 3 bundles onions ,
3 gin i 3 gin naga  ||| 3 shekels oil , 3 shekels alkali-plant ,
urdingira  ||| for Ur-dingira ;
3 kac 3 ninda 3 sa cum  ||| 3 ban2 beer , 3 ban2 bread , 3 bundles onions ,
3 gin i 3 gin naga  ||| 3 shekels oil , 3 shekels alkali-plant ,
dania  ||| for Danniya ;
3 sila kac 3 sila ninda 3   ||| 3 sila3 beer , 3 sila3 bread , 3 bundles onions ,
3 gin i 3 gin naga  ||| 3 shekels oil , 3 shekels alkali-plant ,
X  ||| for Ur-…-du
3 sila kac 3 sila ninda 3 sa cum  ||| 3 sila3 beer , 3 sila3 bread , 3 bundles onions ,
3 gin i 3 gin naga  ||| 3 shekels oil , 3 shekels alkali-plant ,
anahili  ||| for Anna-ḫili ;
3 sila kac 3 sila ninda 3 sa cum  ||| 3 sila3 beer , 3 sila3 bread , 3 bundles onions ,
3 gin i 3 gin naga  ||| 3 shekels oil , 3 shekels alkali-plant ,
dingirsukkal  ||| for Dingir-sukkal ;
cunigin 3 sila kac 3 la 3 sila ninda 3 sa cum  ||| total : 3 ban2 3 sila3 beer ; 3 ban2 less 3 sila3 bread ; 3 bundles onions ;
3 sila 3 gin i 3 gin naga  ||| 3 sila3 3 shekels oil ; 3 shekels alkali-plant ;
u 3kam  ||| 4 day ,
iti ezem culgi  ||| month : “ Festival of Šulgi . ”
ig gal elamata ||| from the great gate of Elam
za cucince ||| to the border of Susa ,
lugalra ||| for the king
gu munagigi ||| they killed many cattle
udu munagigi ||| and killed many sheep .
ensiensi elamake ||| All the governors of Elam
mucen tecbi nunuz zuhzuhgin ||| like birds stealing eggs together
nera niba munake ||| were themselves taking booty .
sag elam utuda ||| Persons born in Elam
X ||| …
uba X ||| At that time , …
ur cusi X ||| like
giri X ||| having lain at  feet ,
gutarla dumu gutimumara ||| Gutarla , the citizen of Gutium ,
inim anake ||| the word of An
cu numunibtag ||| had not touched .
geckim enlila ||| Of the signs of Enlil
name numudagal ||| there were none at all regarding him .
namlugalce ||| For the kingship
a imatu ||| he bathed himself .
aga ban X X ||| The crown which they had …
X X ||| …
u ane X miniIL ||| and he carried … there .
ana binakbi ||| For what he had done there ,
mada gutimum ||| the lands of Gutium
simudar ||| and Simudar
sigba ugnim ki banitag ||| planted troops there in the south .
tulium ||| Tulium ,
kar magur nuzu ||| the harbor which knew no deep-going boats ,
mete NI X ||| a fitting thing …
X ||| because of … ,
nam X su X ||| and because of … ,
urnamma ||| Ur-Namma
X urima ||| … in/of Ur
zicagal X ku enlila ||| the encouragement of holy Enlil
anta X ||| from above …
X lugalbanda X X lu muciak ||| … Lugalbanda … did … to the men .
X imidare AN gi X ||| … was splitting … upward …
3 amar gu ga ||| 3 suckling bull calf ,
3 udu niga saga us ||| 3 sheep , barley-fed , of 4 grade ,
3 udu X ||| 3 sheep … ,
3 X ||| 3 … ,
3 X ||| 3 … ,
3 sila X ||| 3 lamb … ,
bauc u 3 la 3kam ||| slaughtered , the 4 day ,
ki ahunita ||| from Ahuni
urnigar ||| Ur-nigar
cu bati ||| received ;
iti kisikininazu minkam ||| month : “ ki-siki of Ninazu , ” the second ,
mu simurum lulubu ara 3 la 3kam bahul ||| year : “ Simurum  Lulubu for the 4 time were destroyed . ”
pisanduba ||| Basket-of-tablets
GAN kab duga ||| fields , inspected ,
cabra sangame ||| of chief household administrators and chief temple administrators ,
igal ||| are here ;
mu hurti bahul ||| year : “ Ḫurti was destroyed . ”
3 gin kubabbar ||| 3 shekel silver ,
a urickur ||| labor of Ur-Iškur ,
ki lugalazidata ||| from Lugal-azida
gemenungalke ||| did Geme-Nungal
u cudurul dumuni ||| and Šu-durul , her son ,
cu batiec ||| receive ;
igi urickur ||| before Ur-Iškur ,
igi dumu ursuen ||| before the son of Ur-Suen ,
igi luickur ||| before Lu-Iškur ,
igi tulta dumu lugalhegal ||| before Tulta , son of Lugal-ḫegal
tukumbi ||| if
gala badag ||| there is a work loss ,
ce 3 silata agdam ||| barley , 3 sila3 per  will be measured out ,
mu lugalbi inpa ||| did he the royal name invoke ;
iti cesagku ||| month : “ Harvest , ”
mu magurmah enlila babdu ||| year : “ The Big-Barge of Enlil was caulked . ”
cutul ||| Šutul ,
dumu gemenungal ||| son of Geme-Nungal .
gemeningal ||| Geme-Ningal ,
dumu bagina ||| son of Bagina .
pisanduba ||| Basket-of-tablets
dub gida ||| long-tablets
u sagnigura ||| and debits
X ||| …
igal ||| are here ;
mu ||| year : “ … . ”
pisanduba ||| Basket-of-tablets
bitum ||| xxx
muku ||| xxx
meictaran ||| xxx
iti sesdagu ||| xxx
mu e cara mudu ||| xxx
igal ||| xxx
apa nabasata ||| From the side of the Nabasa canal
3 ninda gid 3 kuc dagal 3 kuc sukud ||| 3 ninda the length , 3 cubit the width , 3 cubit the height ,
aca 3 sar ||| the volume 3 sar ;
3 ninda gid 3 kuc dagal 3 kuc sukud ||| 3 ninda the length , 3 cubit the width , 3 cubits the height ,
aca 3 sar ||| the volume : 3 sar ;
apisal X X ||| Apisal … ;
3 X ||| 3 …
aca X ||| the volume …
3 X X ||| 3 …
a X ||| …
a X ||| …
X ||| …
n X ||| 3 …
n X ||| 3 …
a X ||| from the side of …
3 ninda gid 3 kuc dagal 3 kuc sukud ||| 3 ninda the length , 3 cubit the width , 3 cubit the height ;
aca 3 sar 3 gin ||| the volume 3 sar , 3 shekels .
e aca pirigturginDUce ||| For a levee in the field Pirigtur-gin-DU
cunigin 3 ninda gid ||| Total : 3 ninda the length .
cunigin 3 sar kin sahar u usag ||| Total : 3 sar the activity for earthwork and reed bundle for barges
e aca lugalmusa gaba agectinaka ||| The levee of the Lugal-mussa field that is in front of A-geštin field
e kisumuna gida ||| has been measured up to the levee of a plot with poor soil ? ;
ugula sanga dumuzi u sanga ninDARa ||| the foremen  Nin-DARa .
mu guza enlila badim ||| Year : The throne of Enlil was fashioned
pisanduba ||| Basket-of-tablets
erin balace guba ||| worktroopes to bala stationed ,
erin kicgati ||| worktroops of Kišgati
im laia ||| tablets of deficits
u nigkak ||| and accounts ,
iti paue ||| year “ Pa’ue , ”
mu mada zabcali bahul ||| year : “ The lands of Zabšali were destroyed . ”
nimintaba ||| For Nimintaba ,
ninani ||| his mistress ,
culgi, ||| Šulgi
nita kalga ||| the mighty man ,
lugal urima ||| king of Ur
lugal kiengi kiurike ||| and king of Sumer and Akkad ,
eani ||| her temple
munadu ||| he built for her .
nimintaba ||| For Nimintaba ,
ninani ||| his mistress ,
culgi ||| Šulgi ,
nita kalga ||| the mighty man ,
lugal urima ||| king of Ur
lugal kiengi kiurike ||| and king of Sumer and Akkad ,
eani ||| her temple
munadu ||| he built for her .
giri cuecdar sagi ||| via Šu-Ešdar , the cupbearer ,
bala u 3kam ||| bala , the 4 day ;
iti ezemekigal ||| month : “ Festival of Mekigal , ”
mu en inanna unuga mace ipa ||| year : “ The high-priest of Inanna in Uruk by means of extispicy was chosen . ”
ibisuen ||| Ibbi-Suen ,
lugal kalga ||| strong king ,
lugal urima ||| king of Ur
cuecdar ||| Šu-Ešdar ,
sagi ||| cup-bearer ,
dumu X ||| son of …-du ,
ARADzu ||| your servant .
pisanduba ||| Basket-of-tablets
ecucuma ||| house of consignments ,
ucbar X ||| weavers , Lu-… ,
e ucbar egal ||| house of weavers of the palace ,
u e ucbar nindingir ||| and house of weavers of the priestess
baba ||| of Baba ,
luinimnigsaga ||| Lu-inimnigsaga ,
ca girsu ||| in Girsu ,
igal ||| are here ;
mu ||| year : “ … . ”
pisanduba ||| Basket-of-tablets
ceba sikiba geme ucbar ||| xxx
ugula lunincubur dumu urlamma ||| xxx
baur ||| xxx
3 lunincubur ||| xxx
3 dada ||| xxx
3 luhurim ||| xxx
3 luenki ||| xxx
3 izu ||| xxx
3 lunisaba ||| xxx
3 urnigar ||| xxx
3 urningeczida ||| xxx
cunigin 3 guruc u X X ||| xxx
ca guaba X ||| xxx
mu X X X X ||| xxx
cusuen ||| Šū-Suen ,
nita kalga ||| strong man ,
lugal urima ||| king of Ur ,
lugal an ubda limmuba ||| king of heaven with its four corners
cuera ||| Šu-Erra ,
muhaldim lugal ||| royal cook ,
dumu zakili ||| son of Zak-ilī ,
ARADzu ||| is your servant .
3 uztur ||| 3 duck ,
3 ir ||| 3 pigeon ,
3 tugur ||| 3 dove ,
3 cahNEturnitagecgi ||| 3 male piglet , canebrake type ,
nigu ningace ||| for food of my queen ;
3 uztur ||| 3 duck ,
3 ir ||| 3 pigeon ,
bauc ||| slaughtered ,
egala banku ||| brought to the palace ;
itita u 3 bazal ||| of the month the 4 day passed ;
ziga ||| booked out
urlugaledina ||| of Ur-Lugaledina ;
iti kisiki ninazu ||| month : “ ki-siki-of-Ninazu , ”
mu usa urbilum bahul ||| year after : “ Urbilum was destroyed . ”
pisanduba ||| Basket-of-tablets
a gula ente ||| xxx
cabrane ||| xxx
X ||| xxx
mu en nanna gaec bahun ||| xxx
cusuen ||| Šū-Suen ,
lugal kalga ||| strong king ,
lugal urima ||| king of Ur ,
lugal an ubda limmuba ||| king of the four corners
babara X ||| Babara … ,
dumu X ||| son of Lu-… ,
ARADzu ||| is your servant .
pisanduba ||| Basket-of-tablets
kicib ce ziga ||| sealed documents , grain , credits ,
sag baDU ||| … .
pisanduba ||| Basket-of-tablets
idub kara ||| xxx
siki urlamma ||| xxx
mu 3kam ||| xxx
igal ||| xxx
cusuen ||| Šu-Suen ,
lugal kalga ||| strong king ,
lugal urima ||| king of Ur ,
lugal an ubda limmuba ||| king of heaven with its four corners
akala ||| Ayakalla ,
ensi ||| governor
umma ||| of Umma ,
ARADzu ||| your servant .
pisanduba ||| Basket-of-tablets
nigkak situm ||| xxx
lu nigdab ca niginkene ||| xxx
u gara ninda ea ||| xxx
igal ||| xxx
mu guza enlila badim ||| xxx
cusuen ||| Šū-Suen ,
lugal kalga ||| strong king ,
lugal urima ||| king of Ur ,
lugal an ubda limmubake ||| king of the four corners
nurickur ||| to Nūr-Adda ,
sagi ||| cupbearer ,
ARADdani ||| his servant ,
inaba ||| he gifted .
pisanduba ||| Basket-of-tablets
aca dudua ||| xxx
lu marsa ||| xxx
sadu ||| xxx
kaguru ||| xxx
candana ||| xxx
dubsar gu udu ||| xxx
girisega ||| xxx
e ningirsu u baba ||| xxx
agaus ensi ||| xxx
idume ||| xxx
mauzala ||| xxx
igal ||| xxx
3 ce gur ||| 3 gur barley
sadu cara cupalil ||| regular offering for Šara … ,
guedinata ||| from Gu-edina
ki egalesita ||| from Egalesi
hala cu bati ||| did Ḫala receive ;
iti cesagkuta ||| from the month “ Harvest ”
iti nesagce ||| to the month “ First-fruit offering , ”
mu usa cacru bahul ||| year after : “ Šašru was destroyed . ”
hala ||| Ḫala ,
dumu lugalemah ||| son of Lugal-emaḫ ,
lu lunga cara ||| brewer of Šara .
uc ursilaluh ||| Dead : Ur-silaluḫ ,
3 GAN eurbidu ugula ||| 3 aš-c- , ‘field’ : E-urbidu , a foreman ,
3 GAN girinisa ||| 3 aš-c- , ‘field’ : Girini-isa ,
dumunime ||| —they are his sons— ,
3 GAN urgectinanka ||| 3 aš-c- , ‘field’ : Ur-Geštinanka ,
3 lusukkalanka ||| 3 diš- : Lu-Sukkalanka ,
dumunime ||| —they are his sons— ,
tir kisura idab ||| the Border-woods took in charge ;
3 ug dugani ||| 3 aš-c- , porter : Dugani ,
tir cunamugi idab ||| the Šunamugi-woods took in charge ;
3 GAN inimcara ||| 3 aš-c- , ‘field’ : Inim-Šara ,
3 lugalinimgina dumuni ||| 3 diš- : Lugal-inim-gina , his son ,
tir akunkum idab ||| the Akunkum-woods took in charge ;
cu uraba ||| old : Ur-abba ,
3 GAN lucara dumuni ||| 3 aš-c- , ‘field’ : Lu-Šara , his son ,
tir kamari idab ||| the Kamari-woods took in charge ;
uc lugalitida ||| dead : Lugal-itida ,
3 GAN lugina ||| 3 aš-c- , ‘field’ : Lu-gina ,
3 ahubaqar ||| 3 aš- : Aḫu-baqar ,
uc lucara ||| dead : Lu-Šara ,
3 atanah ||| 3 diš- : Atannaḫ ,
dumunime ||| —they are his sons— ,
tir aca amri idab ||| the Amri-field-woods took in charge ;
3 GAN luabu ||| 3 aš-c- , ‘field’ : Lu-Abu ,
3 luebgal ||| 3 aš- : Lu-ebgal ,
3 luenkidu ||| 3 diš- : Lu-Enkidu ,
dumu dadaga ||| —sons of Dayadaga— ,
tir ula idab ||| the Ula-woods took in charge ;
3 GAN ug adudu ||| 3 aš-c- , ‘field’ , porter : Adudu ,
3 lugalkuzu dumuni ||| 3 diš- : Lugal-kuzu , his son ,
tir kirimah idab ||| the Big-orchard-woods took in charge ;
3 nu GAN inimanizi ||| 3 aš-c- , ‘field’ : Inimanizi ,
3 nu uremah ||| 3 aš- : Ur-Emaḫ ,
3 nu utusaga ||| 3 diš- : Utu-saga ,
3 nu ururbartab ||| 3 diš- : Ur-Urbartab ,
dumunime ||| —they are his sons— ,
tir i dula idab ||| the Dula-waterway-woods took in charge ;
3 cagubi zah ||| 3 aš-c- : Šagubi , flown ,
tir aca carasi idab ||| the Šarasi-field-woods took in charge ;
3 GAN uremac dumu ursilaluh ||| 3 aš-c- , ‘field’ : Ur-Emaš , son of Ur-silaluḫ ,
tir daguna idab ||| the Daguna-woods took in charge ;
ugula eurbidu ||| foreman : E-urbidu ;
3 GAN ceckala ugula ||| 3 aš-c- , ‘field’ : Šeškalla , foreman ,
3 inimanizi dumuni ||| 3 diš- : Inimanizi , his son ,
3 GAN lugalhili ||| 3 aš-c- , ‘field’ : Lugal-ḫili ,
3 carazida ||| 3 aš- : Šara-zida ,
3 luabu ||| 3 diš- : Lu-Abu ,
dumu alume ||| —they are sons of Allu— ,
tir elugal idab ||| the Royal-house-woods took in charge ;
3 GAN akala dumu urtulmah ||| 3 aš-c- , ‘field’ : Akalla , son of Ur-tulmaḫ ,
3 girinisa dumuni ||| 3 diš- : Girini-isa , his son ,
tir kara idab ||| the Quay-woods took in charge ;
3 GAN ceckala ||| 3 aš-c- , ‘field’ : Šeškalla ,
3 lugalhegal dumuni ||| 3 aš- : Lugal-ḫegal , his son ,
tir masar idab ||| the Masar-woods took in charge ;
3 GAN ludingira dumu urlugal ||| 3 aš-c- , ‘field’ : Lu-dingira , son of Ur-lugal ,
tir turuda idab ||| the Turuda-woods took in charge ;
3 GAN ug lugalhegal dumu urgu ||| 3 aš-c- , ‘field’ , porter : Lugal-ḫegal , son of Ur-gu ,
3 luninazu dumuni ||| 3 diš- : Lu-Ninazu , his son ,
tir nagsu idab ||| the Nagsu-woods took in charge ;
3 GAN lugalzage ||| 3 aš-c- , ‘field’ : Lugal-zage ,
3 lunanna dumuni ||| 3 diš- : Lu-Nanna , his son ,
tir girgec idab ||| the Girgeš-woods took in charge ;
3 GAN urnigar ||| 3 aš-c- , ‘field’ : Ur-nigar ,
3 ata dumuni ||| 3 diš- : Ata , his son ,
tir inime idab ||| the Inime-woods took in charge ;
cu abasaga ||| old : Abba-saga ,
tir balatimdurun idab ||| the Bala’atimdurun-woods took in charge ;
3 GAN carakam ||| 3 aš-c- , ‘field’ : Šara-kam ,
tir kisura adab idab ||| the Kisura-of-Adab-woods took in charge ;
3 GAN bansa ||| 3 aš-c- , ‘field’ : Bansa ,
3 ursukkal dumuni ||| 3 diš- : Ur-sukkal , his son ,
tir zabala idab ||| the Zabala-woods took in charge ;
ugula ceckala ||| foreman : Šeškalla ;
3 GAN ug urgigir ||| 3 aš-c- , ‘field’ , porter : Ur-gigir ,
tir i gala idab ||| the Big-waterway-woods took in charge ;
cu urcara dumu ARAD ||| old : Ur-Šara , son of ARAD ,
3 GAN luhegal ||| 3 aš-c- , ‘field’ : Lu-ḫegal ,
3 halamami ||| 3 aš- : Ḫala-Mami ,
uc ludingira ||| dead : Lu-dingira ,
3 lugalnesage ||| 3 diš- : Lugal-nesage ,
dumunime ||| —they are his sons— ,
tir garcanaka idab ||| the Garšana-woods took in charge ;
3 GAN urcara dumu idia ||| 3 aš-c- , ‘field’ : Ur-Šara , son of Idi’a ,
tir eringarcanaka idab ||| the troops-of-Garšana-woods took in charge ;
3 GAN ug luga ||| 3 aš-c- , ‘field’ , porter : Luga ,
3 GAN urdumuzida dumu urmes ||| 3 aš-c- , ‘field’ : Ur-Dumuzida , son of Ur-mes ,
tir canintina idab ||| the Midst-of-Nintina-woods took in charge ;
3 GAN cakusig ||| 3 aš-c- , ‘field’ : Šakusig ,
3 urnigar ||| 3 aš- : Ur-nigar ,
3 luebgal ||| 3 diš- : Lu-ebgal ,
dumunime ||| —they are his sons— ,
tir gabarigarcanaka idab ||| the Copy-of-Garšana-woods took in charge ;
tir macukudiri gu i namhani idab ||| the Extra-prebend-boat-woods , bank of the Namḫani-waterway , took in charge ;
3 GAN bansa ||| 3 aš-c- , ‘field’ : Bansa ,
3 ARADcara dumuni ||| 3 diš- : ARAD-Šara , his son ,
dumu handa nukiri ||| son of Ḫanda , the orchardman ,
tir ukunuti gu i culgihegal idab ||| the Ukunuti-woods , bank of the Šulgi-ḫegal-waterway , took in charge ;
3 GAN abagina dumu urnigar dumu da ||| 3 aš-c- , ‘field’ : Abba-gina , son of Ur-nigar , son of Dayya ,
ime taka ||| remainder of the preceding year ,
tir iribura idab ||| the Bura-town-woods took in charge ;
3 GAN lalmes ||| 3 aš-c- , ‘field’ : Lal-mes ,
tir aduganigin idab ||| the Aduganigin-woods took in charge ;
3 GAN abudu ||| 3 aš-c- , ‘field’ : Abu-ṭab ,
tir garsuda idab ||| the Garsuda-woods took in charge ;
3 GAN lugaldaga ||| 3 aš-c- , ‘field’ : Lugal-daga ,
uc amaki pa urnigar ||| dead : Ama-ki , oldest brother of Ur-nigar ,
dumu urictaran ||| son of Ur-Ištaran ,
tir GANmac idab ||| the GANmaš-woods took in charge ;
ugula urcara ||| foreman : Ur-Šara ;
cunigin 3 GAN guruc ugula ||| total : 3 aš-c- , ‘field’ corporate slaves , foremen ;
cunigin n dumunita diri ||| total : 3 extra male child ;
cunigin 3 dumunita ||| total : 3 diš- male child ;
cunigin 3 guruc cugi ||| total : 3 diš-corporate slave , old one ;
ugula idab ||| the foreman took in charge ;
cunigin 3 GAN guruc ||| total : 3 aš-c- , ‘field’ , corporate slaves ;
cunigin 3 guruc nudab ||| total : 3 aš-c- , corporate slave , not took in charge ;
cunigin 3 dumunita ||| total : 3 aš- , male children ;
cunigin 3 dumunita ||| total : 3 diš- , male children ;
cunigin 3 guruc cugi ||| total : 3 diš- , corporate slaves , old ones ;
cunigin 3 guruc zah ||| total : 3 aš- , corporate slave , flown ;
cunigin 3 guruc nudab ||| total : 3 aš- , corporate slave , not took in charge ;
cunigin 3 dumunita nudab ||| total : 3 diš- , male children , not passed by ;
cunigin 3 GAN ug guruc ||| total : 3 aš-c- , ‘field’ , porters , corporate slaves ;
cunigin 3 ug guruc 3 sila ce 3 mana sikita ||| total : 3 aš- , porter , corporate slave at 3 barig 3 ban2 3 sila3 barley 3 mana wool each ;
cunigin 3 dumunita ||| total : 3 diš- , male children ;
ugILme ||| —they are porters— ;
cebi 3 sila ||| their barley : 3 barig 3 ban2 3 sila3 ,
itida bedam ||| to be distributed monthly ;
sikibi 3 mana ||| their wool 3 mana ,
mua bedam ||| to be distributed yearly ;
gurum ak erin daba lu tira ||| inspection of the troops passed by as foresters
akala ensi umma ||| Ayakalla , ensi of Umma ;
giri catakuzu sukkal ||| via Šata-kuzu , the sukkal ,
luinanna sukkal ||| Lu-Inanna , the sukkal ,
u lunanna dumu inimcara ||| and Lu-Nanna , son of Inim-Šara ;
iti ezemdumuzi ||| month : “ Dumuzi festival , ”
mu enuneamarsuenrakiag en eridu bahun ||| Year : “ Ennune-Amar-Suenra-ki’ag as priest of Eridu was installed . ”
3 ninda gid 3 kuc dagal 3 kuc bur ||| 3 ninda the length , 3 cubits the width , 3 cubits the depth ,
acabi 3 sar 3 gin ||| its volume : 3 sar 3 shekels ;
3 ninda 3 kuc gid 3 kuc dagal 3 kuc bur ||| 3 ninda 3 cubits the length , 3 cubits the width , 3 cubits the depth ,
acabi 3 sar la 3 gin ||| its volume : 3 sar less 3 shekel ;
3 ninda gid 3 kuc dagal 3 kuc bur ||| 3 ninda the length , 3 cubits the width , 3 cubits the depth ,
acabi 3 sar 3 gin ||| its volume : 3 sar 3 shekels ;
3 ninda gid 3 kuc dagal 3 kuc bur ||| 3 ninda the length , 3 cubits the width , 3 cubit the depth ,
acabi 3 sar ||| its volume : 3 sar ;
3 ninda 3 kuc gid 3 kuc dagal 3 kuc bur ||| 3 ninda 3 cubits the length , 3 cubits the width , 3 cubits the depth ,
acabi 3 sar ||| its volume : 3 sar ;
3 ninda 3 kuc gid 3 kuc dagal 3 kuc bur ||| 3 ninda 3 cubit the length , 3 cubits the width , 3 cubits the depth ,
acabi 3 gin ||| its volume : 3 shekels ;
3 ninda gid 3 kuc dagal 3 kuc bur ||| 3 ninda the length , 3 cubits the width , 3 cubits the depth ,
acabi 3 gin ||| its volume : 3 shekels ;
3 ninda gid 3 kuc dagal 3 kuc bur ||| 3 ninda the length , 3 cubits the width , 3 cubits the depth ;
acabi 3 gin ||| its volume : 3 shekels ;
3 ninda 3 kuc gid nuak ||| 3 ninda 3 cubits the length ;  unfinished ;
3 ninda 3 kuc gid 3 kuc dagal 3 kuc bur ||| 3 ninda 3 cubit the length , 3 cubits the width , 3 cubits the depth ;
acabi 3 sar 3 gin ||| its volume 3 sar 3 shekels ;
3 gin DUBla ||| 3 shekels DUBla ;
cunigin 3 sar 3 gin kin sahar ||| total : 3 sar 3 shekel earthwork .
imdua e niglagarka ||| pisé walls for the household of Nig-lagar .
3 guruc u 3ce ||| 3 laborer days ,
kisu aca manu ||| at the threshing floor of the field Willow stationed ;
ugula urmes ||| foreman : Ur-mes ,
kicib lugalemahe ||| under seal of Lugal-emaḫe ;
giri tugac ||| via Tugaš ;
mu en eridu bahun ||| year : “ The high-priest of Eridu was installed . ”
lugalemahe ||| Lugal-emaḫe ,
dubsar ||| scribe ,
dumu lugalkugani ||| son of Lugal-kugani .
3 udu niga ||| 3 grain-fed ram
guza ena ||| the throne of the high-priestess ,
giri nursuen sagi ||| via Nur-Suen , the “ cup-bearer , ”
babancen mackim ||| Babanšen the responsible official ;
iti u 3 bazal ||| of the month 3 days elapsed ;
ki culgiamuta bazi ||| from  Šulgi-ayamu booked out ;
iti macdagu ||| month : “ Gazelle feast , ”
mu cacru bahul ||| year : “ Šašru was destroyed ; ”
3 ||| 3 .
pisanduba ||| Basket-of-tablets
gurumak ||| inspections
sipa unu ||| of shepherds and cowherds
kinunir ||| of Kinunir ,
nigin ||| Nigin ,
guaba ||| Guabba ,
X X X ||| …
X ||| …
u sagapin e ninhursag ||| and the head-plowmen of the house of Ninḫursag ,
igal ||| are here ;
mu harci kimac bahul ||| year : “ Ḫarši , Kimaš were destroyed . ” 3
cusuen ||| Šū-Suen ,
lugal kalga ||| strong king ,
lugal urima ||| king of Ur ,
lugal an ubda limmuba ||| king of the four corners
gududu ||| Gududu ,
dubsar ||| scribe ,
ARADzu ||| is your servant .
pisanduba ||| Basket-of-tablets
nigkak X gec X X ||| xxx
a mac X ||| xxx
mu X X X ||| xxx
mu 3 iti 3 X ||| xxx
caba iti diri 3am ||| xxx
pisanduba ||| Basket-of-tablets
aca gida ||| xxx
giri urnigar sadu lugal ||| xxx
mu guza enlila badim ||| xxx
cusuen ||| Šū-Suen ,
lugal kalga ||| strong king ,
lugal urima ||| king of Ur ,
lugal an ubda limmuba ||| king of the four corners
enancekiag ||| En-Nanše-kiag ,
dumu X ||| son of …
X ||| … .
pisanduba ||| Basket-of-tablets
nigkak ||| accounts
abamu ||| of Abbamu ,
giri atu ||| via Atu ,
pisanduba ||| Basket-of-tablets
tagtaga udu gukkalka zusika ||| xxx
girsuta ||| xxx
guabace ||| xxx
igal ||| xxx
mu huhunuri bahul ||| xxx
pisanduba ||| Basket-of-tablets
nigkak a buru a ente ||| accounts of labor of harvest and labor of wintertime ,
cabrane ||| of the chief household administrators ,
igal ||| are here ;
mu en nanna karzida bahun ||| year : “ The en- of Nanna of Karzida was hired . ”
cusuen ||| Šū-Suen ,
lugal kalga ||| strong king ,
lugal urima ||| king of Ur ,
lugal an ubda limmuba ||| king of the four corners
lunincubur ||| Lu-Ninšubur ,
dubsar ||| scribe ,
dumu idisuen ||| son of Idī-Suen ,
ARADzu ||| is your servant .
pisanduba ||| Basket-of-tablets
dub gida ||| long-tablets
damgarne ||| of the exchange agents
igal ||| are here ;
mu ||| year : “ … . ”
pisanduba ||| Basket-of-tablets
erin girsu ||| xxx
cusuen ||| Šū-Suen ,
lugal kalga ||| strong king ,
lugal urima ||| king of Ur ,
lugal an ubda limmuba ||| king of the four corners
ARADnanna ||| ARAD-Nanna ,
dumu X ||| son of Ilī-… ,
sagi ARADzu ||| cupbearer , is your servant .
pisanduba ||| Basket-of-tablets
nigkak ||| accounts
mu 3 ||| 3 years ,
ceba gu i nigindu ||| barley rations of the bank of the waterway Nigin-du ,
igal ||| are here ;
mu enmahgalana ||| year : “ Enmaḫgalana . ”
pisanduba ||| Basket-of-tablets
nigkak ||| xxx
ARAD kaguru ||| xxx
mu 3kam ||| xxx
igal ||| xxx
mu en nanna mace ipata ||| xxx
mu kimac bahulce ||| xxx
3 sa gizi ||| 3 bundles of good reed
guniginba 3ta ||| in bales of 3 bundles each ,
ki lugalmumanagta ||| from Lugalmu-manag ,
kicib alulu ||| sealed tablet of Alulu .
iti cekaragala ||| Month : “ barley brought to the docks , ”
mu en eridu bahun ||| year : “ priest of Eridu is installed . ”
alulu ||| Alulu ,
dumu inimcara ||| son of Inim-Šara ,
kurucda caraka ||| fattener of Šara .
3 sila kac saga 3 sila ninda 3 gin cum 3 gin i 3 gin naga  ||| 3 sila3 fine beer , 3 sila3 bread , 3 shekels onions , 3 shekels oil , 3 shekels alkali-plant ,
X  ||| for …
3 sila kac saga 3 sila ninda 3 gin cum 3 gin i 3 gin naga  ||| 3 sila3 fine beer , 3 sila3 bread , 3 shekels onions , 3 shekels oil , 3 shekels alkali-plant ,
X  ||| for Utu-… ;
3 sila kac saga 3 sila ninda 3 gin cum 3 gin i 3 gin naga  ||| 3 sila3 fine beer , 3 sila3 bread , 3 shekels onions , 3 shekels oil , 3 shekels alkali-plant ,
luduga  ||| for Lu-duga ;
3 kac 3 sila ninda 3 gin cum 3 gin i 3 gin naga  ||| 3 sila3 beer , 3 sila3 bread , 3 shekels onions , 3 shekels oil , 3 shekels alkali-plant ,
X  ||| for …
3 sila kac 3 sila ninda 3 gin cum 3 gin i 3 gin   ||| 3 sila3 beer , 3 sila3 bread , 3 shekels onions , 3 shekels oil , 3 shekels alkali-plant ,
X  ||| for Lu-… ;
3 sila kac 3 sila ninda 3 gin cum 3 gin i 3 gin naga  ||| 3 sila3 beer , 3 sila3 bread , 3 shekels onions , 3 shekels oil , 3 shekels alkali-plant ,
s,alia  ||| for Ṣallīya ;
3 sila kac 3 sila ninda 3 gin cum 3 gin i 3 gin naga  ||| 3 sila3 beer , 3 sila3 bread , 3 shekels onions , 3 shekels oil , 3 shekels alkali-plant ,
urbaba  ||| for Ur-Baba ;
3 sila kac 3 sila ninda 3 gin cum 3 gin i 3 gin naga  ||| 3 sila3 beer , 3 sila3 bread , 3 shekels onions , 3 shekels oil , 3 shekels alkali-plant ,
hulania  ||| for Ḫullāniya ;
3 sila kac 3 sila ninda 3 gin cum 3 gin i 3 gin naga  ||| 3 sila3 beer , 3 sila3 bread , 3 shekels onions , 3 shekels oil , 3 shekels alkali-plant ,
hablulu  ||| for Ḫāblulu ;
3 sila kac 3 sila ninda 3 gin cum 3 gin i 3 gin naga  ||| 3 sila3 beer , 3 sila3 bread , 3 shekels onions , 3 shekels oil , 3 shekels alkali-plant ,
suhucgi  ||| for Suḫušgi ;
3 sila kac 3 sila ninda 3 gin cum 3 gin i 3 gin naga  ||| 3 sila3 beer , 3 sila3 bread , 3 shekels onions , 3 shekels oil , 3 shekels alkali-plant ,
cuinanna  ||| for Šū-Inanna ;
3 sila kac 3 sila ninda 3 gin cum 3 gin i 3 gin naga  ||| 3 sila3 beer , 3 sila3 bread , 3 shekels onions , 3 shekels oil , 3 shekels alkali-plant ,
camu  ||| for Šamu ;
cunigin 3 sila kac saga cunigin 3 sila kac du  ||| total : 3 ban2 3 sila3 fine beer ; total : 3 ban2 3 sila3 common beer ;
cunigin 3 sila ninda cunigin 3 sila cum  ||| total : 3 ban2 3 sila3 bread ; total : 3 sila3 onions ;
cunigin 3 sila 3 gin i cunigin 3 sila 3 gin naga  ||| total : 3 sila3 3 shekels oil ; total : 3 sila3 3 shekels alkali-plant ;
u 3kam  ||| 4 day ,
iti lisi  ||| month : “ Lisi , ”
mu simanum bahul X  ||| year : “ Simanum was destroyed . ”
pisanduba ||| Basket-of-tablets
niginba ||| grand totals
guapin guba ||| of plow-oxen , stationed ,
u cabrane ||| and chief household administrators ,
igal ||| are here ;
mu ||| year : “ … . ”
3 masab 3ta ||| 3 masab-baskets at 3 ban each ,
nurma bansi ||| filled ? with pomegranates
tumalce ||| to Tummal ,
giri laqipu candana ||| via Laqipu , the š . ;
ziga ||| booked out ;
iti nigenlila ||| month : “ that of Enlil , ”
mu en enki bahun ||| year : “ the lord of Enki was hired . ”
n n  sila 3 gin ce gur X ||| 3 gur 3 sila3 3 shekels barley … ,
a lu hunga acaga ||| wages of the hirelings of the field … ;
n 3 gur a lu hunga X ||| 3  3 gur 3 barig wages of the hirelings … ,
laia nigkak ||| deficit of the account
ARADdingira ||| of ARAD-dingira ;
atu dumu lugalsagake ||| Atu , son of Lugal-saga
susudam ||| must replace it ;
mu X ||| year : “ … . ”
atu dubsar ||| Atu , scribe ,
dumu lugalsaga ||| son of Lugal-saga .
3 gu ||| 3 oxen ,
3 ab ||| 3 cows ,
3 dusunita ||| 3 male equids ,
3 dusumunus ||| 3 female equids ,
cugi ||| old ,
ki cuidimta ||| from Šu-Idim ,
muku ||| delivery ;
iti ezemninazu ||| month : “ Festival of Ninazu , ”
mu simurum u lulubu ara 3 la 3kam bahul ||| year : “ Simurum and Lulubu for the 4 time were destroyed . ”
pisanduba ||| Basket-of-tablets
nigkak ||| accounts ,
cenumun ||| seed grain
u GAN urua niginbabi ||| and fields in plow , their grand totals
igal ||| are here ;
mu en inanna mace ipa ||| year : “ The en- of Inanna by the goat was found . ”
3 udu niga barana ||| 3 sheep , barley-fed , for the dais of An ,
3 udu niga 3kam us 3 udu niga 3kam us ||| 3 sheep , barley-fed , of 4 grade , 3 sheep , barley-fed , of 4 grade
nanna ||| for Nanna ;
3 macgal niga 3kam us dublamah ||| 3 buck , barley-fed , of 4 grade for Dublamaḫ ,
uzuabala ||| … ;
3 udu niga 3 macgal niga gueusa ||| 3 sheep , barley-fed , 3 bucks , barley-fed , “ following oxen , ”
ezemana ||| “ Festival of An ” ;
3 udu niga 3kam us dur ||| 3 sheep , barley-fed , of 4 grade , for “ Mound of the Roof ; ”
3 udu niga 3kam us 3 udu niga nkam us ||| 3 sheep , barley-fed , of 4 grade , 3 sheep , barley-fed , of …th grade ,
nungal ||| for Nungal ;
3 udu niga dublamah ||| 3 sheep , barley-fed , for Dublamaḫ ;
3 udu niga gueusa ANdur ||| 3 sheep , barley-fed , “ following oxen , ” for ANdur ;
3 udu niga X culgi TUR X ||| 3 sheep , barley-fed , … , for Šulgi … ;
n X dandanda ||| 3 … , for Dandanda ;
n X ningal X ||| 3 … , for Ningal … ;
n gueusa ninuri ||| 3  “ following oxen , ” for Ninuri ;
n X X ||| 3 … Šu-Suen-ki’ag … ;
n X X ||| 3 … , for … ;
X ||| …
X ||| …
3 udu niga X ||| 3 sheep , barley-fed , for …-kalla ;
3 udu niga X ninkununa ||| 3 sheep , barley-fed , … for Ninkununa ;
3 udu niga 3kam us gula ||| 3 sheep , barley-fed , of 4 grade , for Gula ;
3 udu niga 3 sila ninegal ||| 3 sheep , barley-fed , 3 lamb , for Nin-egal ;
giri suenabucu sagi ||| via Suen-abušu , cup-bearer ,
u 3kam ||| the 4 day ,
ki abaenlilginta bazi ||| booked out from Aba-Enlilgin ,
ca urima ||| in Ur ,
giri urculgira carabdu ||| via Ur-Šulgi , šarabdu ;
iti ubigu ||| month : “ Ubi feast , ”
mu cusuen lugal urimake naruamah enlil ninlilra munedu ||| year : “ Šu-Suen , king of Ur , the grand-stele for Enlil  Ninlil erected ; ”
3 ||| 3 .
3 ud adara ||| 3 adara-nanny ,
bauc ||| slaughtered ,
u 3kam ||| on the 4 day ,
ki ludingira ||| from Ludingira
culgirimu ||| Šulgi-irimu
cu bati ||| received ;
iti ezemninazu ||| month : “ Festival of Ninazu , ”
mu cacru bahul ||| year : “ Šašru was destroyed . ”
3 sig ||| 3 bricks
catili ||| by Šat-ilī ;
3 ||| 3 ,
nam3 lalkuda ||| 10- of Lalkuda ;
3 lahutum ||| 3 bricks by Lahutum ;
3 ||| 3 bricks ,
nam3 ahuni ||| 10- of Ahuni ;
cunigin 3 sar 3 gin igi3gal sig ||| total : 3 -sar 3 shekels bricks ,
usbi 3 ninda ||| the length involved : 3 ninda ,
a 3ta ||| at labor of 3 ,
gemebi 3 gin u 3ce ||| the female laborers involved : 3 and 3 shekels workdays ,
ce 3 silata bahun ||| at 3 sila3 per  hired ,
cebi 3 sila 3 gin ||| the barley involved : 3 sila3 3 shekels ,
a sig gaga ||| labor of carrying bricks ,
ekibagara picahdingir ||| the replacement house of Pišah-ilim ,
muku mea ||| delivery of Simat-Ea ,
giri ickurtillat ||| via Adad-tillatī ;
iti ezemekigal ||| month : “ Festival of Mekigal , ”
mu cusuen lugale naruamah enlil ninlilra munedu ||| year : “ Su-Suen , the king , Great-stele for Enlil and Ninlil erected . ”
nindara ||| For Nindara ,
lugal uru ||| the powerful king ,
X X ||| …
lugalani ||| his master ,
namti ||| for the life
culgi ||| of Šulgi ,
nita kalga ||| the mighty man ,
lugal urima ||| king of Ur
lugal kiengi kiurikace ||| and king of Sumer and Akkad ,
culgikiursakalamaka ||| Šulgi-ki'ursa-kalama
lu tagani ||| his person in charge of sacrifices ,
alanani ||| a statue of him
mudu ||| he created .
alana ||| The statue
culgi ||| Šulgi ,
a cuma ||| Given Strength
nindara ||| by Nindara ,
zicagal irina ||| The Inspiration of His City ,
mubi ||| is its name .
X X X ||| …
X za X X X ||| …
KA bura ||| the opening of the bowl ,
ki anaka aba cu tum ||| dealing with the cows in the Place of An .
u ezemaka ||| On the day of the festival
e ninmarka ||| in the temple of Ninmar ,
sag kisala daba ||| when the first  are taken into the courtyard
3 dug dida ||| 3 jugs of sweet-wort ,
3 dug kac ||| 3 jugs of beer ,
3 zi lugal ||| 3 barig and 3 ban2 of royal flour ,
3 gada gadul ||| 3 linen cover
3 gada guza ||| and 3 linen  for the throne ,
dardu erin u gabra erin ||| cedar sprouts and cedar 'herders' ,
3 mana ara 3am ||| 3 times 3 minas of them ,
3 la 3 ku aldara ||| 3 split fish ,
3 mun gur lugal ||| 3 royal gur of salt ,
3 naga gur ||| 3 gur of soda ,
dug sila |IGI×X| ||| quart jugs of … ,
3 ku X ||| 3 silver … ,
X ||| …
ku aba ||| fish of the sea ,
har X ||| silver rings ,
3 dug X X ||| 3 jug of … oil ,
nigba gacamkam ||| were the gifts of the artisans .
girsu ce ilaka ||| In Girsu , in the <month> of barley transporting ,
ma cu dua ||| a properly equipped boat
guabata dudam ||| which is to be caulked  from Gu'abba ,
namlubeluda ||| the office of the 'master of ceremonies'
eta izi la ||| the one who bears fire from the temple
gacamkam ||| belong to the artians .
bala u 3 ||| A term of ten days
u igi3gal ||| and a one-third
e kiesaga ||| in the temple of Ki-es ,
e girsuka igi3gal ||| one-third in the temple of Girsu ,
ma ec ge zal ||| that when the boat spends the night at the shrine
u ma kare tagdabi ||| and when the boat lands at the quay ;
nigba 3bi ||| an allotment of 3 of that
ma niginbarce deabi ||| for when the boat is taken to the outer district ,
nigdabi lu nudatuku ||| these requisitions were owed to no person .
ur gu udu egal esag ||| Legs of beef and mutton of the palace and the grain-stores
u bara ningirsuka ||| and the dais of Ningirsu ,
namcita ||| the office of the šita-priest ,
kislah cuku agubi ||| with its uncultivated land , subsistance plots , holy water ,
esag udu egal ||| the grain-store of the palace sheep ,
ur udu ama siki ||| legs of wool-bearing mother sheep ,
3 sila inun ||| 3 quarts of ghee ,
3 zulum lugal ||| 3 barig of royal dates ,
n 3 gar ||| 3 plus 3 ban2 of cheese
3 ga ||| 3 ban2 of milk ,
3 sila gectin ||| 3 quarts of wine ,
n pec cergu ||| 3 strings of figs ,
3 hachur cergu ||| 3 strings of apples ,
ninda kaskal guabace ||| food for the jourey to Gu'abba ,
nigdab gacamkam ||| are the requisitions of the artisans .
aca ambar tur ||| The field Little Marsh ,
aca kimura ||| the field Kimura ,
aca gecgi tur ||| the field Little Canebrake ,
aca agectina ||| Vinegar Field ,
aca X ||| the field … ,
girigena gacamkam ||| of the artisans .
udu e lah ||| The sheep come from the temple ,
mac inima ||| and the goats of the word ,
nigdab gacamkam ||| are the requisitions of the artisans .
u uliace ||| Forever ,
lu gec udun inacumda ||| for the one who will put wood into the oven for him ,
luba lammani heme ||| may I be that man's guardian angel .
mumu hepade ||| May he invoke my name
enmu hetare ||| and tend to me .
3 amar az ||| 3 bear cub
ursuen dumulugal ||| Ur-Suen , the king’s son
muku ||| delivery ;
iti ezemana ||| month : “ Festival of An , ”
mu simurum u lulubu ara 3 la 3kamac bahul ||| year : “ Simurrum and Lullubu for the 4 time was destroyed , ”
u 3kam ||| 4 day .
pisanduba ||| Basket-of-tablets
mu 3 ceba ||| 3 years of rations ,
girisega ugnim ||| personnel of Ugnim
igal ||| are here ;
mu kimac ||| year : “ Kimaš . ”
pisanduba ||| Basket-of-tablets
nigkak urgigir cabra ||| xxx
mu 3kam ||| xxx
igal ||| xxx
mu enunugal ||| xxx
u mu cacru ||| xxx
culgi ||| Šulgi ,
danum ||| the mighty ,
X uri ||| king of Ur
u X ||| and king
kibratim ||| of the world quarters
arbaim ||| the four ,
X ||| builder
emeslam ||| of the Emeslam ,
X nerigal ||| the temple of Nergal
belicu ||| his lord
in gudua ||| in Kutha .
3 udu ||| 3 sheep ,
3 macgal ||| 3 buck ,
3 ud ||| 3 nanny goat ,
bauc u 3kam ||| slaughtered , the 4 day ,
ki naluta ||| from Nalu
urnigar ||| Ur-nigar
cu bati ||| received ;
iti macdagu ||| month : “ Gazelle feast , ”
mu usa kimac u hurti bahul ||| year after : “ Kimaš and Ḫurti were destroyed . ”
inanna ||| For Inanna ,
nin me ||| the queen of battle ,
dam kiaganir ||| his beloved spouse ,
amarsuen ||| Amar-Suena ,
enlile ||| whom Enlil
nibrua ||| in Nippur
mu pada ||| chose by name ,
sagus ||| the constant supporter
e enlilka ||| of the temple of Enlil ,
lugal kalga ||| the mighty king ,
lugal urima ||| king of Ur
lugal an ubda limmubake ||| and king of the four world quarters ,
argibilu zabar ||| her bronze argibil-structure
e geparakani ||| of the Gipar temple
munandim ||| he fashioned for her ,
namtilanice ||| and for his life
a munaru ||| he dedicated it to her .
pisanduba ||| Basket-of-tablets
girisega ||| xxx
sipa gu 3ce ||| xxx
hala ||| xxx
ca hurim ||| xxx
pisanduba ||| Basket-of-tablets
kicib lu nigdab ensikane ||| xxx
nudub ||| xxx
ingal ||| xxx
pisanduba ||| Basket-of-tablets
nigkak ce cukura ||| accounts ,  barley of distribution ,
engar dumugugur ||| plowmen , young oxen turners , of
abamu u urlamma ||| Abbamu an Ur-Lamma ,
igal ||| are here ;
mu en inanna mace ipa ||| year : “ The en- of Inanna by goat was found . ”
urnamma ||| Ur-Namma ,
lugal urima ||| king of Ur ,
lu e ninsun ||| the person who the temple of Ninsun
indua ||| built .
pisanduba ||| Basket-of-tablets
udu emegi aba ||| xxx
ca girsu ||| xxx
u udu udua gara ||| xxx
igal ||| xxx
mu en inanna unu mace ipa ||| xxx